Time [s], Reference [V], Output [V], Non-Inverting Input [V], Inverting Input [V], Capacitor Charge [C]
0.000000e+00, 2.500000e+00, 0.000000e+00, 0.000000e+00, 0.000000e+00, 0.000000e+00
1.000000e-03, 2.500000e+00, 0.000000e+00, 1.250000e+00, 2.500000e+00, -2.487542e-08
2.000000e-03, 2.500000e+00, 0.000000e+00, 1.250000e+00, 2.475125e+00, -4.950332e-08
3.000000e-03, 2.500000e+00, 0.000000e+00, 1.250000e+00, 2.450497e+00, -7.388617e-08
4.000000e-03, 2.500000e+00, 0.000000e+00, 1.250000e+00, 2.426114e+00, -9.802640e-08
5.000000e-03, 2.500000e+00, 0.000000e+00, 1.250000e+00, 2.401974e+00, -1.219264e-07
6.000000e-03, 2.500000e+00, 0.000000e+00, 1.250000e+00, 2.378074e+00, -1.455887e-07
7.000000e-03, 2.500000e+00, 0.000000e+00, 1.250000e+00, 2.354411e+00, -1.690155e-07
8.000000e-03, 2.500000e+00, 0.000000e+00, 1.250000e+00, 2.330985e+00, -1.922091e-07
9.000000e-03, 2.500000e+00, 0.000000e+00, 1.250000e+00, 2.307791e+00, -2.151720e-07
1.000000e-02, 2.500000e+00, 0.000000e+00, 1.250000e+00, 2.284828e+00, -2.379065e-07
1.100000e-02, 2.500000e+00, 0.000000e+00, 1.250000e+00, 2.262094e+00, -2.604147e-07
1.200000e-02, 2.500000e+00, 0.000000e+00, 1.250000e+00, 2.239585e+00, -2.826989e-07
1.300000e-02, 2.500000e+00, 0.000000e+00, 1.250000e+00, 2.217301e+00, -3.047614e-07
1.400000e-02, 2.500000e+00, 0.000000e+00, 1.250000e+00, 2.195239e+00, -3.266044e-07
1.500000e-02, 2.500000e+00, 0.000000e+00, 1.250000e+00, 2.173396e+00, -3.482301e-07
1.600000e-02, 2.500000e+00, 0.000000e+00, 1.250000e+00, 2.151770e+00, -3.696405e-07
1.700000e-02, 2.500000e+00, 0.000000e+00, 1.250000e+00, 2.130359e+00, -3.908380e-07
1.800000e-02, 2.500000e+00, 0.000000e+00, 1.250000e+00, 2.109162e+00, -4.118245e-07
1.900000e-02, 2.500000e+00, 0.000000e+00, 1.250000e+00, 2.088176e+00, -4.326022e-07
2.000000e-02, 2.500000e+00, 0.000000e+00, 1.250000e+00, 2.067398e+00, -4.531731e-07
2.100000e-02, 2.500000e+00, 0.000000e+00, 1.250000e+00, 2.046827e+00, -4.735394e-07
2.200000e-02, 2.500000e+00, 0.000000e+00, 1.250000e+00, 2.026461e+00, -4.937030e-07
2.300000e-02, 2.500000e+00, 0.000000e+00, 1.250000e+00, 2.006297e+00, -5.136660e-07
2.400000e-02, 2.500000e+00, 0.000000e+00, 1.250000e+00, 1.986334e+00, -5.334303e-07
2.500000e-02, 2.500000e+00, 0.000000e+00, 1.250000e+00, 1.966570e+00, -5.529980e-07
2.600000e-02, 2.500000e+00, 0.000000e+00, 1.250000e+00, 1.947002e+00, -5.723710e-07
2.700000e-02, 2.500000e+00, 0.000000e+00, 1.250000e+00, 1.927629e+00, -5.915513e-07
2.800000e-02, 2.500000e+00, 0.000000e+00, 1.250000e+00, 1.908449e+00, -6.105406e-07
2.900000e-02, 2.500000e+00, 0.000000e+00, 1.250000e+00, 1.889459e+00, -6.293411e-07
3.000000e-02, 2.500000e+00, 0.000000e+00, 1.250000e+00, 1.870659e+00, -6.479544e-07
3.100000e-02, 2.500000e+00, 0.000000e+00, 1.250000e+00, 1.852046e+00, -6.663826e-07
3.200000e-02, 2.500000e+00, 0.000000e+00, 1.250000e+00, 1.833617e+00, -6.846274e-07
3.300000e-02, 2.500000e+00, 0.000000e+00, 1.250000e+00, 1.815373e+00, -7.026907e-07
3.400000e-02, 2.500000e+00, 0.000000e+00, 1.250000e+00, 1.797309e+00, -7.205742e-07
3.500000e-02, 2.500000e+00, 0.000000e+00, 1.250000e+00, 1.779426e+00, -7.382798e-07
3.600000e-02, 2.500000e+00, 0.000000e+00, 1.250000e+00, 1.761720e+00, -7.558092e-07
3.700000e-02, 2.500000e+00, 0.000000e+00, 1.250000e+00, 1.744191e+00, -7.731642e-07
3.800000e-02, 2.500000e+00, 0.000000e+00, 1.250000e+00, 1.726836e+00, -7.903465e-07
3.900000e-02, 2.500000e+00, 0.000000e+00, 1.250000e+00, 1.709654e+00, -8.073578e-07
4.000000e-02, 2.500000e+00, 0.000000e+00, 1.250000e+00, 1.692642e+00, -8.241999e-07
4.100000e-02, 2.500000e+00, 0.000000e+00, 1.250000e+00, 1.675800e+00, -8.408744e-07
4.200000e-02, 2.500000e+00, 0.000000e+00, 1.250000e+00, 1.659126e+00, -8.573830e-07
4.300000e-02, 2.500000e+00, 0.000000e+00, 1.250000e+00, 1.642617e+00, -8.737273e-07
4.400000e-02, 2.500000e+00, 0.000000e+00, 1.250000e+00, 1.626273e+00, -8.899089e-07
4.500000e-02, 2.500000e+00, 0.000000e+00, 1.250000e+00, 1.610091e+00, -9.059296e-07
4.600000e-02, 2.500000e+00, 0.000000e+00, 1.250000e+00, 1.594070e+00, -9.217909e-07
4.700000e-02, 2.500000e+00, 0.000000e+00, 1.250000e+00, 1.578209e+00, -9.374943e-07
4.800000e-02, 2.500000e+00, 0.000000e+00, 1.250000e+00, 1.562506e+00, -9.530415e-07
4.900000e-02, 2.500000e+00, 0.000000e+00, 1.250000e+00, 1.546958e+00, -9.684340e-07
5.000000e-02, 2.500000e+00, 0.000000e+00, 1.250000e+00, 1.531566e+00, -9.836734e-07
5.100000e-02, 2.500000e+00, 0.000000e+00, 1.250000e+00, 1.516327e+00, -9.987611e-07
5.200000e-02, 2.500000e+00, 0.000000e+00, 1.250000e+00, 1.501239e+00, -1.013699e-06
5.300000e-02, 2.500000e+00, 0.000000e+00, 1.250000e+00, 1.486301e+00, -1.028488e-06
5.400000e-02, 2.500000e+00, 0.000000e+00, 1.250000e+00, 1.471512e+00, -1.043129e-06
5.500000e-02, 2.500000e+00, 0.000000e+00, 1.250000e+00, 1.456871e+00, -1.057625e-06
5.600000e-02, 2.500000e+00, 0.000000e+00, 1.250000e+00, 1.442375e+00, -1.071977e-06
5.700000e-02, 2.500000e+00, 0.000000e+00, 1.250000e+00, 1.428023e+00, -1.086186e-06
5.800000e-02, 2.500000e+00, 0.000000e+00, 1.250000e+00, 1.413814e+00, -1.100254e-06
5.900000e-02, 2.500000e+00, 0.000000e+00, 1.250000e+00, 1.399746e+00, -1.114182e-06
6.000000e-02, 2.500000e+00, 0.000000e+00, 1.250000e+00, 1.385818e+00, -1.127971e-06
6.100000e-02, 2.500000e+00, 0.000000e+00, 1.250000e+00, 1.372029e+00, -1.141623e-06
6.200000e-02, 2.500000e+00, 0.000000e+00, 1.250000e+00, 1.358377e+00, -1.155139e-06
6.300000e-02, 2.500000e+00, 0.000000e+00, 1.250000e+00, 1.344861e+00, -1.168520e-06
6.400000e-02, 2.500000e+00, 0.000000e+00, 1.250000e+00, 1.331480e+00, -1.181769e-06
6.500000e-02, 2.500000e+00, 0.000000e+00, 1.250000e+00, 1.318231e+00, -1.194886e-06
6.600000e-02, 2.500000e+00, 0.000000e+00, 1.250000e+00, 1.305114e+00, -1.207872e-06
6.700000e-02, 2.500000e+00, 0.000000e+00, 1.250000e+00, 1.292128e+00, -1.220729e-06
6.800000e-02, 2.500000e+00, 0.000000e+00, 1.250000e+00, 1.279271e+00, -1.233458e-06
6.900000e-02, 2.500000e+00, 0.000000e+00, 1.250000e+00, 1.266542e+00, -1.246060e-06
7.000000e-02, 2.500000e+00, 0.000000e+00, 1.250000e+00, 1.253940e+00, -1.258537e-06
7.100000e-02, 2.500000e+00, 5.000000e+00, 1.250000e+00, 1.241463e+00, -1.221139e-06
7.200000e-02, 2.500000e+00, 5.000000e+00, 3.750000e+00, 1.278861e+00, -1.184113e-06
7.300000e-02, 2.500000e+00, 5.000000e+00, 3.750000e+00, 1.315887e+00, -1.147455e-06
7.400000e-02, 2.500000e+00, 5.000000e+00, 3.750000e+00, 1.352545e+00, -1.111162e-06
7.500000e-02, 2.500000e+00, 5.000000e+00, 3.750000e+00, 1.388838e+00, -1.075231e-06
7.600000e-02, 2.500000e+00, 5.000000e+00, 3.750000e+00, 1.424769e+00, -1.039657e-06
7.700000e-02, 2.500000e+00, 5.000000e+00, 3.750000e+00, 1.460343e+00, -1.004436e-06
7.800000e-02, 2.500000e+00, 5.000000e+00, 3.750000e+00, 1.495564e+00, -9.695667e-07
7.900000e-02, 2.500000e+00, 5.000000e+00, 3.750000e+00, 1.530433e+00, -9.350439e-07
8.000000e-02, 2.500000e+00, 5.000000e+00, 3.750000e+00, 1.564956e+00, -9.008647e-07
8.100000e-02, 2.500000e+00, 5.000000e+00, 3.750000e+00, 1.599135e+00, -8.670255e-07
8.200000e-02, 2.500000e+00, 5.000000e+00, 3.750000e+00, 1.632974e+00, -8.335230e-07
8.300000e-02, 2.500000e+00, 5.000000e+00, 3.750000e+00, 1.666477e+00, -8.003539e-07
8.400000e-02, 2.500000e+00, 5.000000e+00, 3.750000e+00, 1.699646e+00, -7.675149e-07
8.500000e-02, 2.500000e+00, 5.000000e+00, 3.750000e+00, 1.732485e+00, -7.350026e-07
8.600000e-02, 2.500000e+00, 5.000000e+00, 3.750000e+00, 1.764997e+00, -7.028137e-07
8.700000e-02, 2.500000e+00, 5.000000e+00, 3.750000e+00, 1.797186e+00, -6.709452e-07
8.800000e-02, 2.500000e+00, 5.000000e+00, 3.750000e+00, 1.829055e+00, -6.393938e-07
8.900000e-02, 2.500000e+00, 5.000000e+00, 3.750000e+00, 1.860606e+00, -6.081563e-07
9.000000e-02, 2.500000e+00, 5.000000e+00, 3.750000e+00, 1.891844e+00, -5.772296e-07
9.100000e-02, 2.500000e+00, 5.000000e+00, 3.750000e+00, 1.922770e+00, -5.466107e-07
9.200000e-02, 2.500000e+00, 5.000000e+00, 3.750000e+00, 1.953389e+00, -5.162964e-07
9.300000e-02, 2.500000e+00, 5.000000e+00, 3.750000e+00, 1.983704e+00, -4.862837e-07
9.400000e-02, 2.500000e+00, 5.000000e+00, 3.750000e+00, 2.013716e+00, -4.565697e-07
9.500000e-02, 2.500000e+00, 5.000000e+00, 3.750000e+00, 2.043430e+00, -4.271514e-07
9.600000e-02, 2.500000e+00, 5.000000e+00, 3.750000e+00, 2.072849e+00, -3.980257e-07
9.700000e-02, 2.500000e+00, 5.000000e+00, 3.750000e+00, 2.101974e+00, -3.691899e-07
9.800000e-02, 2.500000e+00, 5.000000e+00, 3.750000e+00, 2.130810e+00, -3.406410e-07
9.900000e-02, 2.500000e+00, 5.000000e+00, 3.750000e+00, 2.159359e+00, -3.123761e-07
1.000000e-01, 2.500000e+00, 5.000000e+00, 3.750000e+00, 2.187624e+00, -2.843925e-07
1.010000e-01, 2.500000e+00, 5.000000e+00, 3.750000e+00, 2.215607e+00, -2.566873e-07
1.020000e-01, 2.500000e+00, 5.000000e+00, 3.750000e+00, 2.243313e+00, -2.292578e-07
1.030000e-01, 2.500000e+00, 5.000000e+00, 3.750000e+00, 2.270742e+00, -2.021013e-07
1.040000e-01, 2.500000e+00, 5.000000e+00, 3.750000e+00, 2.297899e+00, -1.752149e-07
1.050000e-01, 2.500000e+00, 5.000000e+00, 3.750000e+00, 2.324785e+00, -1.485961e-07
1.060000e-01, 2.500000e+00, 5.000000e+00, 3.750000e+00, 2.351404e+00, -1.222421e-07
1.070000e-01, 2.500000e+00, 5.000000e+00, 3.750000e+00, 2.377758e+00, -9.615036e-08
1.080000e-01, 2.500000e+00, 5.000000e+00, 3.750000e+00, 2.403850e+00, -7.031823e-08
1.090000e-01, 2.500000e+00, 5.000000e+00, 3.750000e+00, 2.429682e+00, -4.474314e-08
1.100000e-01, 2.500000e+00, 5.000000e+00, 3.750000e+00, 2.455257e+00, -1.942252e-08
1.110000e-01, 2.500000e+00, 5.000000e+00, 3.750000e+00, 2.480577e+00, 5.646152e-09
1.120000e-01, 2.500000e+00, 5.000000e+00, 3.750000e+00, 2.505646e+00, 3.046539e-08
1.130000e-01, 2.500000e+00, 5.000000e+00, 3.750000e+00, 2.530465e+00, 5.503767e-08
1.140000e-01, 2.500000e+00, 5.000000e+00, 3.750000e+00, 2.555038e+00, 7.936545e-08
1.150000e-01, 2.500000e+00, 5.000000e+00, 3.750000e+00, 2.579365e+00, 1.034512e-07
1.160000e-01, 2.500000e+00, 5.000000e+00, 3.750000e+00, 2.603451e+00, 1.272972e-07
1.170000e-01, 2.500000e+00, 5.000000e+00, 3.750000e+00, 2.627297e+00, 1.509060e-07
1.180000e-01, 2.500000e+00, 5.000000e+00, 3.750000e+00, 2.650906e+00, 1.742799e-07
1.190000e-01, 2.500000e+00, 5.000000e+00, 3.750000e+00, 2.674280e+00, 1.974212e-07
1.200000e-01, 2.500000e+00, 5.000000e+00, 3.750000e+00, 2.697421e+00, 2.203322e-07
1.210000e-01, 2.500000e+00, 5.000000e+00, 3.750000e+00, 2.720332e+00, 2.430153e-07
1.220000e-01, 2.500000e+00, 5.000000e+00, 3.750000e+00, 2.743015e+00, 2.654727e-07
1.230000e-01, 2.500000e+00, 5.000000e+00, 3.750000e+00, 2.765473e+00, 2.877066e-07
1.240000e-01, 2.500000e+00, 5.000000e+00, 3.750000e+00, 2.787707e+00, 3.097193e-07
1.250000e-01, 2.500000e+00, 5.000000e+00, 3.750000e+00, 2.809719e+00, 3.315129e-07
1.260000e-01, 2.500000e+00, 5.000000e+00, 3.750000e+00, 2.831513e+00, 3.530897e-07
1.270000e-01, 2.500000e+00, 5.000000e+00, 3.750000e+00, 2.853090e+00, 3.744519e-07
1.280000e-01, 2.500000e+00, 5.000000e+00, 3.750000e+00, 2.874452e+00, 3.956014e-07
1.290000e-01, 2.500000e+00, 5.000000e+00, 3.750000e+00, 2.895601e+00, 4.165405e-07
1.300000e-01, 2.500000e+00, 5.000000e+00, 3.750000e+00, 2.916541e+00, 4.372713e-07
1.310000e-01, 2.500000e+00, 5.000000e+00, 3.750000e+00, 2.937271e+00, 4.577958e-07
1.320000e-01, 2.500000e+00, 5.000000e+00, 3.750000e+00, 2.957796e+00, 4.781161e-07
1.330000e-01, 2.500000e+00, 5.000000e+00, 3.750000e+00, 2.978116e+00, 4.982341e-07
1.340000e-01, 2.500000e+00, 5.000000e+00, 3.750000e+00, 2.998234e+00, 5.181521e-07
1.350000e-01, 2.500000e+00, 5.000000e+00, 3.750000e+00, 3.018152e+00, 5.378718e-07
1.360000e-01, 2.500000e+00, 5.000000e+00, 3.750000e+00, 3.037872e+00, 5.573953e-07
1.370000e-01, 2.500000e+00, 5.000000e+00, 3.750000e+00, 3.057395e+00, 5.767245e-07
1.380000e-01, 2.500000e+00, 5.000000e+00, 3.750000e+00, 3.076725e+00, 5.958614e-07
1.390000e-01, 2.500000e+00, 5.000000e+00, 3.750000e+00, 3.095861e+00, 6.148079e-07
1.400000e-01, 2.500000e+00, 5.000000e+00, 3.750000e+00, 3.114808e+00, 6.335659e-07
1.410000e-01, 2.500000e+00, 5.000000e+00, 3.750000e+00, 3.133566e+00, 6.521372e-07
1.420000e-01, 2.500000e+00, 5.000000e+00, 3.750000e+00, 3.152137e+00, 6.705238e-07
1.430000e-01, 2.500000e+00, 5.000000e+00, 3.750000e+00, 3.170524e+00, 6.887274e-07
1.440000e-01, 2.500000e+00, 5.000000e+00, 3.750000e+00, 3.188727e+00, 7.067498e-07
1.450000e-01, 2.500000e+00, 5.000000e+00, 3.750000e+00, 3.206750e+00, 7.245930e-07
1.460000e-01, 2.500000e+00, 5.000000e+00, 3.750000e+00, 3.224593e+00, 7.422586e-07
1.470000e-01, 2.500000e+00, 5.000000e+00, 3.750000e+00, 3.242259e+00, 7.597484e-07
1.480000e-01, 2.500000e+00, 5.000000e+00, 3.750000e+00, 3.259748e+00, 7.770642e-07
1.490000e-01, 2.500000e+00, 5.000000e+00, 3.750000e+00, 3.277064e+00, 7.942077e-07
1.500000e-01, 2.500000e+00, 5.000000e+00, 3.750000e+00, 3.294208e+00, 8.111806e-07
1.510000e-01, 2.500000e+00, 5.000000e+00, 3.750000e+00, 3.311181e+00, 8.279846e-07
1.520000e-01, 2.500000e+00, 5.000000e+00, 3.750000e+00, 3.327985e+00, 8.446214e-07
1.530000e-01, 2.500000e+00, 5.000000e+00, 3.750000e+00, 3.344621e+00, 8.610927e-07
1.540000e-01, 2.500000e+00, 5.000000e+00, 3.750000e+00, 3.361093e+00, 8.774001e-07
1.550000e-01, 2.500000e+00, 5.000000e+00, 3.750000e+00, 3.377400e+00, 8.935453e-07
1.560000e-01, 2.500000e+00, 5.000000e+00, 3.750000e+00, 3.393545e+00, 9.095298e-07
1.570000e-01, 2.500000e+00, 5.000000e+00, 3.750000e+00, 3.409530e+00, 9.253552e-07
1.580000e-01, 2.500000e+00, 5.000000e+00, 3.750000e+00, 3.425355e+00, 9.410232e-07
1.590000e-01, 2.500000e+00, 5.000000e+00, 3.750000e+00, 3.441023e+00, 9.565353e-07
1.600000e-01, 2.500000e+00, 5.000000e+00, 3.750000e+00, 3.456535e+00, 9.718930e-07
1.610000e-01, 2.500000e+00, 5.000000e+00, 3.750000e+00, 3.471893e+00, 9.870979e-07
1.620000e-01, 2.500000e+00, 5.000000e+00, 3.750000e+00, 3.487098e+00, 1.002152e-06
1.630000e-01, 2.500000e+00, 5.000000e+00, 3.750000e+00, 3.502152e+00, 1.017055e-06
1.640000e-01, 2.500000e+00, 5.000000e+00, 3.750000e+00, 3.517055e+00, 1.031811e-06
1.650000e-01, 2.500000e+00, 5.000000e+00, 3.750000e+00, 3.531811e+00, 1.046420e-06
1.660000e-01, 2.500000e+00, 5.000000e+00, 3.750000e+00, 3.546420e+00, 1.060883e-06
1.670000e-01, 2.500000e+00, 5.000000e+00, 3.750000e+00, 3.560883e+00, 1.075202e-06
1.680000e-01, 2.500000e+00, 5.000000e+00, 3.750000e+00, 3.575202e+00, 1.089379e-06
1.690000e-01, 2.500000e+00, 5.000000e+00, 3.750000e+00, 3.589379e+00, 1.103415e-06
1.700000e-01, 2.500000e+00, 5.000000e+00, 3.750000e+00, 3.603415e+00, 1.117312e-06
1.710000e-01, 2.500000e+00, 5.000000e+00, 3.750000e+00, 3.617312e+00, 1.131070e-06
1.720000e-01, 2.500000e+00, 5.000000e+00, 3.750000e+00, 3.631070e+00, 1.144691e-06
1.730000e-01, 2.500000e+00, 5.000000e+00, 3.750000e+00, 3.644691e+00, 1.158176e-06
1.740000e-01, 2.500000e+00, 5.000000e+00, 3.750000e+00, 3.658176e+00, 1.171528e-06
1.750000e-01, 2.500000e+00, 5.000000e+00, 3.750000e+00, 3.671528e+00, 1.184746e-06
1.760000e-01, 2.500000e+00, 5.000000e+00, 3.750000e+00, 3.684746e+00, 1.197833e-06
1.770000e-01, 2.500000e+00, 5.000000e+00, 3.750000e+00, 3.697833e+00, 1.210790e-06
1.780000e-01, 2.500000e+00, 5.000000e+00, 3.750000e+00, 3.710790e+00, 1.223618e-06
1.790000e-01, 2.500000e+00, 5.000000e+00, 3.750000e+00, 3.723618e+00, 1.236318e-06
1.800000e-01, 2.500000e+00, 5.000000e+00, 3.750000e+00, 3.736318e+00, 1.248892e-06
1.810000e-01, 2.500000e+00, 5.000000e+00, 3.750000e+00, 3.748892e+00, 1.261341e-06
1.820000e-01, 2.500000e+00, 0.000000e+00, 3.750000e+00, 3.761341e+00, 1.223915e-06
1.830000e-01, 2.500000e+00, 0.000000e+00, 1.250000e+00, 3.723915e+00, 1.186861e-06
1.840000e-01, 2.500000e+00, 0.000000e+00, 1.250000e+00, 3.686861e+00, 1.150176e-06
1.850000e-01, 2.500000e+00, 0.000000e+00, 1.250000e+00, 3.650176e+00, 1.113856e-06
1.860000e-01, 2.500000e+00, 0.000000e+00, 1.250000e+00, 3.613856e+00, 1.077898e-06
1.870000e-01, 2.500000e+00, 0.000000e+00, 1.250000e+00, 3.577898e+00, 1.042297e-06
1.880000e-01, 2.500000e+00, 0.000000e+00, 1.250000e+00, 3.542297e+00, 1.007051e-06
1.890000e-01, 2.500000e+00, 0.000000e+00, 1.250000e+00, 3.507051e+00, 9.721549e-07
1.900000e-01, 2.500000e+00, 0.000000e+00, 1.250000e+00, 3.472155e+00, 9.376064e-07
1.910000e-01, 2.500000e+00, 0.000000e+00, 1.250000e+00, 3.437606e+00, 9.034017e-07
1.920000e-01, 2.500000e+00, 0.000000e+00, 1.250000e+00, 3.403402e+00, 8.695372e-07
1.930000e-01, 2.500000e+00, 0.000000e+00, 1.250000e+00, 3.369537e+00, 8.360098e-07
1.940000e-01, 2.500000e+00, 0.000000e+00, 1.250000e+00, 3.336010e+00, 8.028159e-07
1.950000e-01, 2.500000e+00, 0.000000e+00, 1.250000e+00, 3.302816e+00, 7.699524e-07
1.960000e-01, 2.500000e+00, 0.000000e+00, 1.250000e+00, 3.269952e+00, 7.374158e-07
1.970000e-01, 2.500000e+00, 0.000000e+00, 1.250000e+00, 3.237416e+00, 7.052030e-07
1.980000e-01, 2.500000e+00, 0.000000e+00, 1.250000e+00, 3.205203e+00, 6.733107e-07
1.990000e-01, 2.500000e+00, 0.000000e+00, 1.250000e+00, 3.173311e+00, 6.417357e-07
2.000000e-01, 2.500000e+00, 0.000000e+00, 1.250000e+00, 3.141736e+00, 6.104749e-07
2.010000e-01, 2.500000e+00, 0.000000e+00, 1.250000e+00, 3.110475e+00, 5.795252e-07
2.020000e-01, 2.500000e+00, 0.000000e+00, 1.250000e+00, 3.079525e+00, 5.488834e-07
2.030000e-01, 2.500000e+00, 0.000000e+00, 1.250000e+00, 3.048883e+00, 5.185465e-07
2.040000e-01, 2.500000e+00, 0.000000e+00, 1.250000e+00, 3.018546e+00, 4.885114e-07
2.050000e-01, 2.500000e+00, 0.000000e+00, 1.250000e+00, 2.988511e+00, 4.587753e-07
2.060000e-01, 2.500000e+00, 0.000000e+00, 1.250000e+00, 2.958775e+00, 4.293350e-07
2.070000e-01, 2.500000e+00, 0.000000e+00, 1.250000e+00, 2.929335e+00, 4.001876e-07
2.080000e-01, 2.500000e+00, 0.000000e+00, 1.250000e+00, 2.900188e+00, 3.713302e-07
2.090000e-01, 2.500000e+00, 0.000000e+00, 1.250000e+00, 2.871330e+00, 3.427600e-07
2.100000e-01, 2.500000e+00, 0.000000e+00, 1.250000e+00, 2.842760e+00, 3.144741e-07
2.110000e-01, 2.500000e+00, 0.000000e+00, 1.250000e+00, 2.814474e+00, 2.864696e-07
2.120000e-01, 2.500000e+00, 0.000000e+00, 1.250000e+00, 2.786470e+00, 2.587438e-07
2.130000e-01, 2.500000e+00, 0.000000e+00, 1.250000e+00, 2.758744e+00, 2.312938e-07
2.140000e-01, 2.500000e+00, 0.000000e+00, 1.250000e+00, 2.731294e+00, 2.041170e-07
2.150000e-01, 2.500000e+00, 0.000000e+00, 1.250000e+00, 2.704117e+00, 1.772106e-07
2.160000e-01, 2.500000e+00, 0.000000e+00, 1.250000e+00, 2.677211e+00, 1.505719e-07
2.170000e-01, 2.500000e+00, 0.000000e+00, 1.250000e+00, 2.650572e+00, 1.241982e-07
2.180000e-01, 2.500000e+00, 0.000000e+00, 1.250000e+00, 2.624198e+00, 9.808704e-08
2.190000e-01, 2.500000e+00, 0.000000e+00, 1.250000e+00, 2.598087e+00, 7.223564e-08
2.200000e-01, 2.500000e+00, 0.000000e+00, 1.250000e+00, 2.572236e+00, 4.664147e-08
2.210000e-01, 2.500000e+00, 0.000000e+00, 1.250000e+00, 2.546641e+00, 2.130196e-08
2.220000e-01, 2.500000e+00, 0.000000e+00, 1.250000e+00, 2.521302e+00, -3.785412e-09
2.230000e-01, 2.500000e+00, 0.000000e+00, 1.250000e+00, 2.496215e+00, -2.862316e-08
2.240000e-01, 2.500000e+00, 0.000000e+00, 1.250000e+00, 2.471377e+00, -5.321377e-08
2.250000e-01, 2.500000e+00, 0.000000e+00, 1.250000e+00, 2.446786e+00, -7.755970e-08
2.260000e-01, 2.500000e+00, 0.000000e+00, 1.250000e+00, 2.422440e+00, -1.016634e-07
2.270000e-01, 2.500000e+00, 0.000000e+00, 1.250000e+00, 2.398337e+00, -1.255272e-07
2.280000e-01, 2.500000e+00, 0.000000e+00, 1.250000e+00, 2.374473e+00, -1.491536e-07
2.290000e-01, 2.500000e+00, 0.000000e+00, 1.250000e+00, 2.350846e+00, -1.725449e-07
2.300000e-01, 2.500000e+00, 0.000000e+00, 1.250000e+00, 2.327455e+00, -1.957035e-07
2.310000e-01, 2.500000e+00, 0.000000e+00, 1.250000e+00, 2.304296e+00, -2.186316e-07
2.320000e-01, 2.500000e+00, 0.000000e+00, 1.250000e+00, 2.281368e+00, -2.413316e-07
2.330000e-01, 2.500000e+00, 0.000000e+00, 1.250000e+00, 2.258668e+00, -2.638058e-07
2.340000e-01, 2.500000e+00, 0.000000e+00, 1.250000e+00, 2.236194e+00, -2.860563e-07
2.350000e-01, 2.500000e+00, 0.000000e+00, 1.250000e+00, 2.213944e+00, -3.080854e-07
2.360000e-01, 2.500000e+00, 0.000000e+00, 1.250000e+00, 2.191915e+00, -3.298953e-07
2.370000e-01, 2.500000e+00, 0.000000e+00, 1.250000e+00, 2.170105e+00, -3.514882e-07
2.380000e-01, 2.500000e+00, 0.000000e+00, 1.250000e+00, 2.148512e+00, -3.728662e-07
2.390000e-01, 2.500000e+00, 0.000000e+00, 1.250000e+00, 2.127134e+00, -3.940316e-07
2.400000e-01, 2.500000e+00, 0.000000e+00, 1.250000e+00, 2.105968e+00, -4.149863e-07
2.410000e-01, 2.500000e+00, 0.000000e+00, 1.250000e+00, 2.085014e+00, -4.357325e-07
2.420000e-01, 2.500000e+00, 0.000000e+00, 1.250000e+00, 2.064267e+00, -4.562724e-07
2.430000e-01, 2.500000e+00, 0.000000e+00, 1.250000e+00, 2.043728e+00, -4.766078e-07
2.440000e-01, 2.500000e+00, 0.000000e+00, 1.250000e+00, 2.023392e+00, -4.967409e-07
2.450000e-01, 2.500000e+00, 0.000000e+00, 1.250000e+00, 2.003259e+00, -5.166736e-07
2.460000e-01, 2.500000e+00, 0.000000e+00, 1.250000e+00, 1.983326e+00, -5.364081e-07
2.470000e-01, 2.500000e+00, 0.000000e+00, 1.250000e+00, 1.963592e+00, -5.559461e-07
2.480000e-01, 2.500000e+00, 0.000000e+00, 1.250000e+00, 1.944054e+00, -5.752898e-07
2.490000e-01, 2.500000e+00, 0.000000e+00, 1.250000e+00, 1.924710e+00, -5.944410e-07
2.500000e-01, 2.500000e+00, 0.000000e+00, 1.250000e+00, 1.905559e+00, -6.134016e-07
2.510000e-01, 2.500000e+00, 0.000000e+00, 1.250000e+00, 1.886598e+00, -6.321736e-07
2.520000e-01, 2.500000e+00, 0.000000e+00, 1.250000e+00, 1.867826e+00, -6.507588e-07
2.530000e-01, 2.500000e+00, 0.000000e+00, 1.250000e+00, 1.849241e+00, -6.691590e-07
2.540000e-01, 2.500000e+00, 0.000000e+00, 1.250000e+00, 1.830841e+00, -6.873762e-07
2.550000e-01, 2.500000e+00, 0.000000e+00, 1.250000e+00, 1.812624e+00, -7.054121e-07
2.560000e-01, 2.500000e+00, 0.000000e+00, 1.250000e+00, 1.794588e+00, -7.232685e-07
2.570000e-01, 2.500000e+00, 0.000000e+00, 1.250000e+00, 1.776731e+00, -7.409473e-07
2.580000e-01, 2.500000e+00, 0.000000e+00, 1.250000e+00, 1.759053e+00, -7.584502e-07
2.590000e-01, 2.500000e+00, 0.000000e+00, 1.250000e+00, 1.741550e+00, -7.757789e-07
2.600000e-01, 2.500000e+00, 0.000000e+00, 1.250000e+00, 1.724221e+00, -7.929352e-07
2.610000e-01, 2.500000e+00, 0.000000e+00, 1.250000e+00, 1.707065e+00, -8.099208e-07
2.620000e-01, 2.500000e+00, 0.000000e+00, 1.250000e+00, 1.690079e+00, -8.267373e-07
2.630000e-01, 2.500000e+00, 0.000000e+00, 1.250000e+00, 1.673263e+00, -8.433866e-07
2.640000e-01, 2.500000e+00, 0.000000e+00, 1.250000e+00, 1.656613e+00, -8.598701e-07
2.650000e-01, 2.500000e+00, 0.000000e+00, 1.250000e+00, 1.640130e+00, -8.761897e-07
2.660000e-01, 2.500000e+00, 0.000000e+00, 1.250000e+00, 1.623810e+00, -8.923469e-07
2.670000e-01, 2.500000e+00, 0.000000e+00, 1.250000e+00, 1.607653e+00, -9.083433e-07
2.680000e-01, 2.500000e+00, 0.000000e+00, 1.250000e+00, 1.591657e+00, -9.241806e-07
2.690000e-01, 2.500000e+00, 0.000000e+00, 1.250000e+00, 1.575819e+00, -9.398602e-07
2.700000e-01, 2.500000e+00, 0.000000e+00, 1.250000e+00, 1.560140e+00, -9.553839e-07
2.710000e-01, 2.500000e+00, 0.000000e+00, 1.250000e+00, 1.544616e+00, -9.707531e-07
2.720000e-01, 2.500000e+00, 0.000000e+00, 1.250000e+00, 1.529247e+00, -9.859693e-07
2.730000e-01, 2.500000e+00, 0.000000e+00, 1.250000e+00, 1.514031e+00, -1.001034e-06
2.740000e-01, 2.500000e+00, 0.000000e+00, 1.250000e+00, 1.498966e+00, -1.015949e-06
2.750000e-01, 2.500000e+00, 0.000000e+00, 1.250000e+00, 1.484051e+00, -1.030716e-06
2.760000e-01, 2.500000e+00, 0.000000e+00, 1.250000e+00, 1.469284e+00, -1.045335e-06
2.770000e-01, 2.500000e+00, 0.000000e+00, 1.250000e+00, 1.454665e+00, -1.059809e-06
2.780000e-01, 2.500000e+00, 0.000000e+00, 1.250000e+00, 1.440191e+00, -1.074140e-06
2.790000e-01, 2.500000e+00, 0.000000e+00, 1.250000e+00, 1.425860e+00, -1.088327e-06
2.800000e-01, 2.500000e+00, 0.000000e+00, 1.250000e+00, 1.411673e+00, -1.102374e-06
2.810000e-01, 2.500000e+00, 0.000000e+00, 1.250000e+00, 1.397626e+00, -1.116280e-06
2.820000e-01, 2.500000e+00, 0.000000e+00, 1.250000e+00, 1.383720e+00, -1.130048e-06
2.830000e-01, 2.500000e+00, 0.000000e+00, 1.250000e+00, 1.369952e+00, -1.143680e-06
2.840000e-01, 2.500000e+00, 0.000000e+00, 1.250000e+00, 1.356320e+00, -1.157175e-06
2.850000e-01, 2.500000e+00, 0.000000e+00, 1.250000e+00, 1.342825e+00, -1.170537e-06
2.860000e-01, 2.500000e+00, 0.000000e+00, 1.250000e+00, 1.329463e+00, -1.183765e-06
2.870000e-01, 2.500000e+00, 0.000000e+00, 1.250000e+00, 1.316235e+00, -1.196862e-06
2.880000e-01, 2.500000e+00, 0.000000e+00, 1.250000e+00, 1.303138e+00, -1.209828e-06
2.890000e-01, 2.500000e+00, 0.000000e+00, 1.250000e+00, 1.290172e+00, -1.222666e-06
2.900000e-01, 2.500000e+00, 0.000000e+00, 1.250000e+00, 1.277334e+00, -1.235375e-06
2.910000e-01, 2.500000e+00, 0.000000e+00, 1.250000e+00, 1.264625e+00, -1.247958e-06
2.920000e-01, 2.500000e+00, 0.000000e+00, 1.250000e+00, 1.252042e+00, -1.260417e-06
2.930000e-01, 2.500000e+00, 5.000000e+00, 1.250000e+00, 1.239583e+00, -1.223000e-06
2.940000e-01, 2.500000e+00, 5.000000e+00, 3.750000e+00, 1.277000e+00, -1.185955e-06
2.950000e-01, 2.500000e+00, 5.000000e+00, 3.750000e+00, 1.314045e+00, -1.149279e-06
2.960000e-01, 2.500000e+00, 5.000000e+00, 3.750000e+00, 1.350721e+00, -1.112968e-06
2.970000e-01, 2.500000e+00, 5.000000e+00, 3.750000e+00, 1.387032e+00, -1.077019e-06
2.980000e-01, 2.500000e+00, 5.000000e+00, 3.750000e+00, 1.422981e+00, -1.041427e-06
2.990000e-01, 2.500000e+00, 5.000000e+00, 3.750000e+00, 1.458573e+00, -1.006189e-06
3.000000e-01, 2.500000e+00, 5.000000e+00, 3.750000e+00, 1.493811e+00, -9.713020e-07
3.010000e-01, 2.500000e+00, 5.000000e+00, 3.750000e+00, 1.528698e+00, -9.367619e-07
3.020000e-01, 2.500000e+00, 5.000000e+00, 3.750000e+00, 1.563238e+00, -9.025656e-07
3.030000e-01, 2.500000e+00, 5.000000e+00, 3.750000e+00, 1.597434e+00, -8.687095e-07
3.040000e-01, 2.500000e+00, 5.000000e+00, 3.750000e+00, 1.631291e+00, -8.351903e-07
3.050000e-01, 2.500000e+00, 5.000000e+00, 3.750000e+00, 1.664810e+00, -8.020046e-07
3.060000e-01, 2.500000e+00, 5.000000e+00, 3.750000e+00, 1.697995e+00, -7.691491e-07
3.070000e-01, 2.500000e+00, 5.000000e+00, 3.750000e+00, 1.730851e+00, -7.366205e-07
3.080000e-01, 2.500000e+00, 5.000000e+00, 3.750000e+00, 1.763380e+00, -7.044156e-07
3.090000e-01, 2.500000e+00, 5.000000e+00, 3.750000e+00, 1.795584e+00, -6.725311e-07
3.100000e-01, 2.500000e+00, 5.000000e+00, 3.750000e+00, 1.827469e+00, -6.409639e-07
3.110000e-01, 2.500000e+00, 5.000000e+00, 3.750000e+00, 1.859036e+00, -6.097108e-07
3.120000e-01, 2.500000e+00, 5.000000e+00, 3.750000e+00, 1.890289e+00, -5.787686e-07
3.130000e-01, 2.500000e+00, 5.000000e+00, 3.750000e+00, 1.921231e+00, -5.481344e-07
3.140000e-01, 2.500000e+00, 5.000000e+00, 3.750000e+00, 1.951866e+00, -5.178049e-07
3.150000e-01, 2.500000e+00, 5.000000e+00, 3.750000e+00, 1.982195e+00, -4.877773e-07
3.160000e-01, 2.500000e+00, 5.000000e+00, 3.750000e+00, 2.012223e+00, -4.580484e-07
3.170000e-01, 2.500000e+00, 5.000000e+00, 3.750000e+00, 2.041952e+00, -4.286153e-07
3.180000e-01, 2.500000e+00, 5.000000e+00, 3.750000e+00, 2.071385e+00, -3.994751e-07
3.190000e-01, 2.500000e+00, 5.000000e+00, 3.750000e+00, 2.100525e+00, -3.706249e-07
3.200000e-01, 2.500000e+00, 5.000000e+00, 3.750000e+00, 2.129375e+00, -3.420617e-07
3.210000e-01, 2.500000e+00, 5.000000e+00, 3.750000e+00, 2.157938e+00, -3.137827e-07
3.220000e-01, 2.500000e+00, 5.000000e+00, 3.750000e+00, 2.186217e+00, -2.857851e-07
3.230000e-01, 2.500000e+00, 5.000000e+00, 3.750000e+00, 2.214215e+00, -2.580661e-07
3.240000e-01, 2.500000e+00, 5.000000e+00, 3.750000e+00, 2.241934e+00, -2.306228e-07
3.250000e-01, 2.500000e+00, 5.000000e+00, 3.750000e+00, 2.269377e+00, -2.034527e-07
3.260000e-01, 2.500000e+00, 5.000000e+00, 3.750000e+00, 2.296547e+00, -1.765529e-07
3.270000e-01, 2.500000e+00, 5.000000e+00, 3.750000e+00, 2.323447e+00, -1.499207e-07
3.280000e-01, 2.500000e+00, 5.000000e+00, 3.750000e+00, 2.350079e+00, -1.235536e-07
3.290000e-01, 2.500000e+00, 5.000000e+00, 3.750000e+00, 2.376446e+00, -9.744879e-08
3.300000e-01, 2.500000e+00, 5.000000e+00, 3.750000e+00, 2.402551e+00, -7.160374e-08
3.310000e-01, 2.500000e+00, 5.000000e+00, 3.750000e+00, 2.428396e+00, -4.601586e-08
3.320000e-01, 2.500000e+00, 5.000000e+00, 3.750000e+00, 2.453984e+00, -2.068258e-08
3.330000e-01, 2.500000e+00, 5.000000e+00, 3.750000e+00, 2.479317e+00, 4.398636e-09
3.340000e-01, 2.500000e+00, 5.000000e+00, 3.750000e+00, 2.504399e+00, 2.923028e-08
3.350000e-01, 2.500000e+00, 5.000000e+00, 3.750000e+00, 2.529230e+00, 5.381485e-08
3.360000e-01, 2.500000e+00, 5.000000e+00, 3.750000e+00, 2.553815e+00, 7.815480e-08
3.370000e-01, 2.500000e+00, 5.000000e+00, 3.750000e+00, 2.578155e+00, 1.022526e-07
3.380000e-01, 2.500000e+00, 5.000000e+00, 3.750000e+00, 2.602253e+00, 1.261106e-07
3.390000e-01, 2.500000e+00, 5.000000e+00, 3.750000e+00, 2.626111e+00, 1.497311e-07
3.400000e-01, 2.500000e+00, 5.000000e+00, 3.750000e+00, 2.649731e+00, 1.731167e-07
3.410000e-01, 2.500000e+00, 5.000000e+00, 3.750000e+00, 2.673117e+00, 1.962696e-07
3.420000e-01, 2.500000e+00, 5.000000e+00, 3.750000e+00, 2.696270e+00, 2.191921e-07
3.430000e-01, 2.500000e+00, 5.000000e+00, 3.750000e+00, 2.719192e+00, 2.418865e-07
3.440000e-01, 2.500000e+00, 5.000000e+00, 3.750000e+00, 2.741887e+00, 2.643551e-07
3.450000e-01, 2.500000e+00, 5.000000e+00, 3.750000e+00, 2.764355e+00, 2.866001e-07
3.460000e-01, 2.500000e+00, 5.000000e+00, 3.750000e+00, 2.786600e+00, 3.086238e-07
3.470000e-01, 2.500000e+00, 5.000000e+00, 3.750000e+00, 2.808624e+00, 3.304284e-07
3.480000e-01, 2.500000e+00, 5.000000e+00, 3.750000e+00, 2.830428e+00, 3.520160e-07
3.490000e-01, 2.500000e+00, 5.000000e+00, 3.750000e+00, 2.852016e+00, 3.733888e-07
3.500000e-01, 2.500000e+00, 5.000000e+00, 3.750000e+00, 2.873389e+00, 3.945489e-07
3.510000e-01, 2.500000e+00, 5.000000e+00, 3.750000e+00, 2.894549e+00, 4.154985e-07
3.520000e-01, 2.500000e+00, 5.000000e+00, 3.750000e+00, 2.915499e+00, 4.362397e-07
3.530000e-01, 2.500000e+00, 5.000000e+00, 3.750000e+00, 2.936240e+00, 4.567744e-07
3.540000e-01, 2.500000e+00, 5.000000e+00, 3.750000e+00, 2.956774e+00, 4.771048e-07
3.550000e-01, 2.500000e+00, 5.000000e+00, 3.750000e+00, 2.977105e+00, 4.972330e-07
3.560000e-01, 2.500000e+00, 5.000000e+00, 3.750000e+00, 2.997233e+00, 5.171609e-07
3.570000e-01, 2.500000e+00, 5.000000e+00, 3.750000e+00, 3.017161e+00, 5.368904e-07
3.580000e-01, 2.500000e+00, 5.000000e+00, 3.750000e+00, 3.036890e+00, 5.564237e-07
3.590000e-01, 2.500000e+00, 5.000000e+00, 3.750000e+00, 3.056424e+00, 5.757626e-07
3.600000e-01, 2.500000e+00, 5.000000e+00, 3.750000e+00, 3.075763e+00, 5.949091e-07
3.610000e-01, 2.500000e+00, 5.000000e+00, 3.750000e+00, 3.094909e+00, 6.138651e-07
3.620000e-01, 2.500000e+00, 5.000000e+00, 3.750000e+00, 3.113865e+00, 6.326324e-07
3.630000e-01, 2.500000e+00, 5.000000e+00, 3.750000e+00, 3.132632e+00, 6.512130e-07
3.640000e-01, 2.500000e+00, 5.000000e+00, 3.750000e+00, 3.151213e+00, 6.696088e-07
3.650000e-01, 2.500000e+00, 5.000000e+00, 3.750000e+00, 3.169609e+00, 6.878215e-07
3.660000e-01, 2.500000e+00, 5.000000e+00, 3.750000e+00, 3.187821e+00, 7.058529e-07
3.670000e-01, 2.500000e+00, 5.000000e+00, 3.750000e+00, 3.205853e+00, 7.237050e-07
3.680000e-01, 2.500000e+00, 5.000000e+00, 3.750000e+00, 3.223705e+00, 7.413794e-07
3.690000e-01, 2.500000e+00, 5.000000e+00, 3.750000e+00, 3.241379e+00, 7.588780e-07
3.700000e-01, 2.500000e+00, 5.000000e+00, 3.750000e+00, 3.258878e+00, 7.762025e-07
3.710000e-01, 2.500000e+00, 5.000000e+00, 3.750000e+00, 3.276202e+00, 7.933545e-07
3.720000e-01, 2.500000e+00, 5.000000e+00, 3.750000e+00, 3.293355e+00, 8.103359e-07
3.730000e-01, 2.500000e+00, 5.000000e+00, 3.750000e+00, 3.310336e+00, 8.271484e-07
3.740000e-01, 2.500000e+00, 5.000000e+00, 3.750000e+00, 3.327148e+00, 8.437935e-07
3.750000e-01, 2.500000e+00, 5.000000e+00, 3.750000e+00, 3.343794e+00, 8.602731e-07
3.760000e-01, 2.500000e+00, 5.000000e+00, 3.750000e+00, 3.360273e+00, 8.765886e-07
3.770000e-01, 2.500000e+00, 5.000000e+00, 3.750000e+00, 3.376589e+00, 8.927418e-07
3.780000e-01, 2.500000e+00, 5.000000e+00, 3.750000e+00, 3.392742e+00, 9.087343e-07
3.790000e-01, 2.500000e+00, 5.000000e+00, 3.750000e+00, 3.408734e+00, 9.245677e-07
3.800000e-01, 2.500000e+00, 5.000000e+00, 3.750000e+00, 3.424568e+00, 9.402435e-07
3.810000e-01, 2.500000e+00, 5.000000e+00, 3.750000e+00, 3.440243e+00, 9.557633e-07
3.820000e-01, 2.500000e+00, 5.000000e+00, 3.750000e+00, 3.455763e+00, 9.711287e-07
3.830000e-01, 2.500000e+00, 5.000000e+00, 3.750000e+00, 3.471129e+00, 9.863413e-07
3.840000e-01, 2.500000e+00, 5.000000e+00, 3.750000e+00, 3.486341e+00, 1.001402e-06
3.850000e-01, 2.500000e+00, 5.000000e+00, 3.750000e+00, 3.501402e+00, 1.016314e-06
3.860000e-01, 2.500000e+00, 5.000000e+00, 3.750000e+00, 3.516314e+00, 1.031077e-06
3.870000e-01, 2.500000e+00, 5.000000e+00, 3.750000e+00, 3.531077e+00, 1.045693e-06
3.880000e-01, 2.500000e+00, 5.000000e+00, 3.750000e+00, 3.545693e+00, 1.060163e-06
3.890000e-01, 2.500000e+00, 5.000000e+00, 3.750000e+00, 3.560163e+00, 1.074490e-06
3.900000e-01, 2.500000e+00, 5.000000e+00, 3.750000e+00, 3.574490e+00, 1.088674e-06
3.910000e-01, 2.500000e+00, 5.000000e+00, 3.750000e+00, 3.588674e+00, 1.102717e-06
3.920000e-01, 2.500000e+00, 5.000000e+00, 3.750000e+00, 3.602717e+00, 1.116620e-06
3.930000e-01, 2.500000e+00, 5.000000e+00, 3.750000e+00, 3.616620e+00, 1.130385e-06
3.940000e-01, 2.500000e+00, 5.000000e+00, 3.750000e+00, 3.630385e+00, 1.144013e-06
3.950000e-01, 2.500000e+00, 5.000000e+00, 3.750000e+00, 3.644013e+00, 1.157505e-06
3.960000e-01, 2.500000e+00, 5.000000e+00, 3.750000e+00, 3.657505e+00, 1.170863e-06
3.970000e-01, 2.500000e+00, 5.000000e+00, 3.750000e+00, 3.670863e+00, 1.184088e-06
3.980000e-01, 2.500000e+00, 5.000000e+00, 3.750000e+00, 3.684088e+00, 1.197182e-06
3.990000e-01, 2.500000e+00, 5.000000e+00, 3.750000e+00, 3.697182e+00, 1.210145e-06
4.000000e-01, 2.500000e+00, 5.000000e+00, 3.750000e+00, 3.710145e+00, 1.222979e-06
4.010000e-01, 2.500000e+00, 5.000000e+00, 3.750000e+00, 3.722979e+00, 1.235686e-06
4.020000e-01, 2.500000e+00, 5.000000e+00, 3.750000e+00, 3.735686e+00, 1.248266e-06
4.030000e-01, 2.500000e+00, 5.000000e+00, 3.750000e+00, 3.748266e+00, 1.260721e-06
4.040000e-01, 2.500000e+00, 0.000000e+00, 3.750000e+00, 3.760721e+00, 1.223301e-06
4.050000e-01, 2.500000e+00, 0.000000e+00, 1.250000e+00, 3.723301e+00, 1.186254e-06
4.060000e-01, 2.500000e+00, 0.000000e+00, 1.250000e+00, 3.686254e+00, 1.149575e-06
4.070000e-01, 2.500000e+00, 0.000000e+00, 1.250000e+00, 3.649575e+00, 1.113261e-06
4.080000e-01, 2.500000e+00, 0.000000e+00, 1.250000e+00, 3.613261e+00, 1.077309e-06
4.090000e-01, 2.500000e+00, 0.000000e+00, 1.250000e+00, 3.577309e+00, 1.041714e-06
4.100000e-01, 2.500000e+00, 0.000000e+00, 1.250000e+00, 3.541714e+00, 1.006473e-06
4.110000e-01, 2.500000e+00, 0.000000e+00, 1.250000e+00, 3.506473e+00, 9.715831e-07
4.120000e-01, 2.500000e+00, 0.000000e+00, 1.250000e+00, 3.471583e+00, 9.370402e-07
4.130000e-01, 2.500000e+00, 0.000000e+00, 1.250000e+00, 3.437040e+00, 9.028411e-07
4.140000e-01, 2.500000e+00, 0.000000e+00, 1.250000e+00, 3.402841e+00, 8.689823e-07
4.150000e-01, 2.500000e+00, 0.000000e+00, 1.250000e+00, 3.368982e+00, 8.354603e-07
4.160000e-01, 2.500000e+00, 0.000000e+00, 1.250000e+00, 3.335460e+00, 8.022720e-07
4.170000e-01, 2.500000e+00, 0.000000e+00, 1.250000e+00, 3.302272e+00, 7.694138e-07
4.180000e-01, 2.500000e+00, 0.000000e+00, 1.250000e+00, 3.269414e+00, 7.368826e-07
4.190000e-01, 2.500000e+00, 0.000000e+00, 1.250000e+00, 3.236883e+00, 7.046751e-07
4.200000e-01, 2.500000e+00, 0.000000e+00, 1.250000e+00, 3.204675e+00, 6.727880e-07
4.210000e-01, 2.500000e+00, 0.000000e+00, 1.250000e+00, 3.172788e+00, 6.412183e-07
4.220000e-01, 2.500000e+00, 0.000000e+00, 1.250000e+00, 3.141218e+00, 6.099626e-07
4.230000e-01, 2.500000e+00, 0.000000e+00, 1.250000e+00, 3.109963e+00, 5.790180e-07
4.240000e-01, 2.500000e+00, 0.000000e+00, 1.250000e+00, 3.079018e+00, 5.483812e-07
4.250000e-01, 2.500000e+00, 0.000000e+00, 1.250000e+00, 3.048381e+00, 5.180493e-07
4.260000e-01, 2.500000e+00, 0.000000e+00, 1.250000e+00, 3.018049e+00, 4.880192e-07
4.270000e-01, 2.500000e+00, 0.000000e+00, 1.250000e+00, 2.988019e+00, 4.582879e-07
4.280000e-01, 2.500000e+00, 0.000000e+00, 1.250000e+00, 2.958288e+00, 4.288525e-07
4.290000e-01, 2.500000e+00, 0.000000e+00, 1.250000e+00, 2.928852e+00, 3.997099e-07
4.300000e-01, 2.500000e+00, 0.000000e+00, 1.250000e+00, 2.899710e+00, 3.708573e-07
4.310000e-01, 2.500000e+00, 0.000000e+00, 1.250000e+00, 2.870857e+00, 3.422918e-07
4.320000e-01, 2.500000e+00, 0.000000e+00, 1.250000e+00, 2.842292e+00, 3.140105e-07
4.330000e-01, 2.500000e+00, 0.000000e+00, 1.250000e+00, 2.814011e+00, 2.860107e-07
4.340000e-01, 2.500000e+00, 0.000000e+00, 1.250000e+00, 2.786011e+00, 2.582894e-07
4.350000e-01, 2.500000e+00, 0.000000e+00, 1.250000e+00, 2.758289e+00, 2.308440e-07
4.360000e-01, 2.500000e+00, 0.000000e+00, 1.250000e+00, 2.730844e+00, 2.036716e-07
4.370000e-01, 2.500000e+00, 0.000000e+00, 1.250000e+00, 2.703672e+00, 1.767696e-07
4.380000e-01, 2.500000e+00, 0.000000e+00, 1.250000e+00, 2.676770e+00, 1.501353e-07
4.390000e-01, 2.500000e+00, 0.000000e+00, 1.250000e+00, 2.650135e+00, 1.237660e-07
4.400000e-01, 2.500000e+00, 0.000000e+00, 1.250000e+00, 2.623766e+00, 9.765913e-08
4.410000e-01, 2.500000e+00, 0.000000e+00, 1.250000e+00, 2.597659e+00, 7.181199e-08
4.420000e-01, 2.500000e+00, 0.000000e+00, 1.250000e+00, 2.571812e+00, 4.622203e-08
4.430000e-01, 2.500000e+00, 0.000000e+00, 1.250000e+00, 2.546222e+00, 2.088670e-08
4.440000e-01, 2.500000e+00, 0.000000e+00, 1.250000e+00, 2.520887e+00, -4.196542e-09
4.450000e-01, 2.500000e+00, 0.000000e+00, 1.250000e+00, 2.495803e+00, -2.903020e-08
4.460000e-01, 2.500000e+00, 0.000000e+00, 1.250000e+00, 2.470970e+00, -5.361676e-08
4.470000e-01, 2.500000e+00, 0.000000e+00, 1.250000e+00, 2.446383e+00, -7.795868e-08
4.480000e-01, 2.500000e+00, 0.000000e+00, 1.250000e+00, 2.422041e+00, -1.020584e-07
4.490000e-01, 2.500000e+00, 0.000000e+00, 1.250000e+00, 2.397942e+00, -1.259183e-07
4.500000e-01, 2.500000e+00, 0.000000e+00, 1.250000e+00, 2.374082e+00, -1.495408e-07
4.510000e-01, 2.500000e+00, 0.000000e+00, 1.250000e+00, 2.350459e+00, -1.729283e-07
4.520000e-01, 2.500000e+00, 0.000000e+00, 1.250000e+00, 2.327072e+00, -1.960830e-07
4.530000e-01, 2.500000e+00, 0.000000e+00, 1.250000e+00, 2.303917e+00, -2.190074e-07
4.540000e-01, 2.500000e+00, 0.000000e+00, 1.250000e+00, 2.280993e+00, -2.417036e-07
4.550000e-01, 2.500000e+00, 0.000000e+00, 1.250000e+00, 2.258296e+00, -2.641741e-07
4.560000e-01, 2.500000e+00, 0.000000e+00, 1.250000e+00, 2.235826e+00, -2.864209e-07
4.570000e-01, 2.500000e+00, 0.000000e+00, 1.250000e+00, 2.213579e+00, -3.084464e-07
4.580000e-01, 2.500000e+00, 0.000000e+00, 1.250000e+00, 2.191554e+00, -3.302527e-07
4.590000e-01, 2.500000e+00, 0.000000e+00, 1.250000e+00, 2.169747e+00, -3.518421e-07
4.600000e-01, 2.500000e+00, 0.000000e+00, 1.250000e+00, 2.148158e+00, -3.732166e-07
4.610000e-01, 2.500000e+00, 0.000000e+00, 1.250000e+00, 2.126783e+00, -3.943784e-07
4.620000e-01, 2.500000e+00, 0.000000e+00, 1.250000e+00, 2.105622e+00, -4.153297e-07
4.630000e-01, 2.500000e+00, 0.000000e+00, 1.250000e+00, 2.084670e+00, -4.360725e-07
4.640000e-01, 2.500000e+00, 0.000000e+00, 1.250000e+00, 2.063927e+00, -4.566090e-07
4.650000e-01, 2.500000e+00, 0.000000e+00, 1.250000e+00, 2.043391e+00, -4.769410e-07
4.660000e-01, 2.500000e+00, 0.000000e+00, 1.250000e+00, 2.023059e+00, -4.970708e-07
4.670000e-01, 2.500000e+00, 0.000000e+00, 1.250000e+00, 2.002929e+00, -5.170003e-07
4.680000e-01, 2.500000e+00, 0.000000e+00, 1.250000e+00, 1.983000e+00, -5.367315e-07
4.690000e-01, 2.500000e+00, 0.000000e+00, 1.250000e+00, 1.963269e+00, -5.562663e-07
4.700000e-01, 2.500000e+00, 0.000000e+00, 1.250000e+00, 1.943734e+00, -5.756068e-07
4.710000e-01, 2.500000e+00, 0.000000e+00, 1.250000e+00, 1.924393e+00, -5.947548e-07
4.720000e-01, 2.500000e+00, 0.000000e+00, 1.250000e+00, 1.905245e+00, -6.137123e-07
4.730000e-01, 2.500000e+00, 0.000000e+00, 1.250000e+00, 1.886288e+00, -6.324812e-07
4.740000e-01, 2.500000e+00, 0.000000e+00, 1.250000e+00, 1.867519e+00, -6.510633e-07
4.750000e-01, 2.500000e+00, 0.000000e+00, 1.250000e+00, 1.848937e+00, -6.694606e-07
4.760000e-01, 2.500000e+00, 0.000000e+00, 1.250000e+00, 1.830539e+00, -6.876747e-07
4.770000e-01, 2.500000e+00, 0.000000e+00, 1.250000e+00, 1.812325e+00, -7.057077e-07
4.780000e-01, 2.500000e+00, 0.000000e+00, 1.250000e+00, 1.794292e+00, -7.235612e-07
4.790000e-01, 2.500000e+00, 0.000000e+00, 1.250000e+00, 1.776439e+00, -7.412370e-07
4.800000e-01, 2.500000e+00, 0.000000e+00, 1.250000e+00, 1.758763e+00, -7.587370e-07
4.810000e-01, 2.500000e+00, 0.000000e+00, 1.250000e+00, 1.741263e+00, -7.760629e-07
4.820000e-01, 2.500000e+00, 0.000000e+00, 1.250000e+00, 1.723937e+00, -7.932163e-07
4.830000e-01, 2.500000e+00, 0.000000e+00, 1.250000e+00, 1.706784e+00, -8.101991e-07
4.840000e-01, 2.500000e+00, 0.000000e+00, 1.250000e+00, 1.689801e+00, -8.270129e-07
4.850000e-01, 2.500000e+00, 0.000000e+00, 1.250000e+00, 1.672987e+00, -8.436594e-07
4.860000e-01, 2.500000e+00, 0.000000e+00, 1.250000e+00, 1.656341e+00, -8.601403e-07
4.870000e-01, 2.500000e+00, 0.000000e+00, 1.250000e+00, 1.639860e+00, -8.764572e-07
4.880000e-01, 2.500000e+00, 0.000000e+00, 1.250000e+00, 1.623543e+00, -8.926117e-07
4.890000e-01, 2.500000e+00, 0.000000e+00, 1.250000e+00, 1.607388e+00, -9.086055e-07
4.900000e-01, 2.500000e+00, 0.000000e+00, 1.250000e+00, 1.591395e+00, -9.244401e-07
4.910000e-01, 2.500000e+00, 0.000000e+00, 1.250000e+00, 1.575560e+00, -9.401172e-07
4.920000e-01, 2.500000e+00, 0.000000e+00, 1.250000e+00, 1.559883e+00, -9.556383e-07
4.930000e-01, 2.500000e+00, 0.000000e+00, 1.250000e+00, 1.544362e+00, -9.710049e-07
4.940000e-01, 2.500000e+00, 0.000000e+00, 1.250000e+00, 1.528995e+00, -9.862187e-07
4.950000e-01, 2.500000e+00, 0.000000e+00, 1.250000e+00, 1.513781e+00, -1.001281e-06
4.960000e-01, 2.500000e+00, 0.000000e+00, 1.250000e+00, 1.498719e+00, -1.016194e-06
4.970000e-01, 2.500000e+00, 0.000000e+00, 1.250000e+00, 1.483806e+00, -1.030958e-06
4.980000e-01, 2.500000e+00, 0.000000e+00, 1.250000e+00, 1.469042e+00, -1.045575e-06
4.990000e-01, 2.500000e+00, 0.000000e+00, 1.250000e+00, 1.454425e+00, -1.060047e-06
5.000000e-01, 2.500000e+00, 0.000000e+00, 1.250000e+00, 1.439953e+00, -1.074374e-06
5.010000e-01, 2.500000e+00, 0.000000e+00, 1.250000e+00, 1.425626e+00, -1.088560e-06
5.020000e-01, 2.500000e+00, 0.000000e+00, 1.250000e+00, 1.411440e+00, -1.102604e-06
5.030000e-01, 2.500000e+00, 0.000000e+00, 1.250000e+00, 1.397396e+00, -1.116508e-06
5.040000e-01, 2.500000e+00, 0.000000e+00, 1.250000e+00, 1.383492e+00, -1.130274e-06
5.050000e-01, 2.500000e+00, 0.000000e+00, 1.250000e+00, 1.369726e+00, -1.143903e-06
5.060000e-01, 2.500000e+00, 0.000000e+00, 1.250000e+00, 1.356097e+00, -1.157396e-06
5.070000e-01, 2.500000e+00, 0.000000e+00, 1.250000e+00, 1.342604e+00, -1.170756e-06
5.080000e-01, 2.500000e+00, 0.000000e+00, 1.250000e+00, 1.329244e+00, -1.183982e-06
5.090000e-01, 2.500000e+00, 0.000000e+00, 1.250000e+00, 1.316018e+00, -1.197076e-06
5.100000e-01, 2.500000e+00, 0.000000e+00, 1.250000e+00, 1.302924e+00, -1.210041e-06
5.110000e-01, 2.500000e+00, 0.000000e+00, 1.250000e+00, 1.289959e+00, -1.222876e-06
5.120000e-01, 2.500000e+00, 0.000000e+00, 1.250000e+00, 1.277124e+00, -1.235584e-06
5.130000e-01, 2.500000e+00, 0.000000e+00, 1.250000e+00, 1.264416e+00, -1.248165e-06
5.140000e-01, 2.500000e+00, 0.000000e+00, 1.250000e+00, 1.251835e+00, -1.260621e-06
5.150000e-01, 2.500000e+00, 5.000000e+00, 1.250000e+00, 1.239379e+00, -1.223202e-06
5.160000e-01, 2.500000e+00, 5.000000e+00, 3.750000e+00, 1.276798e+00, -1.186155e-06
5.170000e-01, 2.500000e+00, 5.000000e+00, 3.750000e+00, 1.313845e+00, -1.149478e-06
5.180000e-01, 2.500000e+00, 5.000000e+00, 3.750000e+00, 1.350522e+00, -1.113165e-06
5.190000e-01, 2.500000e+00, 5.000000e+00, 3.750000e+00, 1.386835e+00, -1.077213e-06
5.200000e-01, 2.500000e+00, 5.000000e+00, 3.750000e+00, 1.422787e+00, -1.041619e-06
5.210000e-01, 2.500000e+00, 5.000000e+00, 3.750000e+00, 1.458381e+00, -1.006379e-06
5.220000e-01, 2.500000e+00, 5.000000e+00, 3.750000e+00, 1.493621e+00, -9.714904e-07
5.230000e-01, 2.500000e+00, 5.000000e+00, 3.750000e+00, 1.528510e+00, -9.369485e-07
5.240000e-01, 2.500000e+00, 5.000000e+00, 3.750000e+00, 1.563051e+00, -9.027503e-07
5.250000e-01, 2.500000e+00, 5.000000e+00, 3.750000e+00, 1.597250e+00, -8.688924e-07
5.260000e-01, 2.500000e+00, 5.000000e+00, 3.750000e+00, 1.631108e+00, -8.353713e-07
5.270000e-01, 2.500000e+00, 5.000000e+00, 3.750000e+00, 1.664629e+00, -8.021838e-07
5.280000e-01, 2.500000e+00, 5.000000e+00, 3.750000e+00, 1.697816e+00, -7.693266e-07
5.290000e-01, 2.500000e+00, 5.000000e+00, 3.750000e+00, 1.730673e+00, -7.367962e-07
5.300000e-01, 2.500000e+00, 5.000000e+00, 3.750000e+00, 1.763204e+00, -7.045896e-07
5.310000e-01, 2.500000e+00, 5.000000e+00, 3.750000e+00, 1.795410e+00, -6.727034e-07
5.320000e-01, 2.500000e+00, 5.000000e+00, 3.750000e+00, 1.827297e+00, -6.411344e-07
5.330000e-01, 2.500000e+00, 5.000000e+00, 3.750000e+00, 1.858866e+00, -6.098796e-07
5.340000e-01, 2.500000e+00, 5.000000e+00, 3.750000e+00, 1.890120e+00, -5.789358e-07
5.350000e-01, 2.500000e+00, 5.000000e+00, 3.750000e+00, 1.921064e+00, -5.482999e-07
5.360000e-01, 2.500000e+00, 5.000000e+00, 3.750000e+00, 1.951700e+00, -5.179688e-07
5.370000e-01, 2.500000e+00, 5.000000e+00, 3.750000e+00, 1.982031e+00, -4.879395e-07
5.380000e-01, 2.500000e+00, 5.000000e+00, 3.750000e+00, 2.012061e+00, -4.582090e-07
5.390000e-01, 2.500000e+00, 5.000000e+00, 3.750000e+00, 2.041791e+00, -4.287743e-07
5.400000e-01, 2.500000e+00, 5.000000e+00, 3.750000e+00, 2.071226e+00, -3.996325e-07
5.410000e-01, 2.500000e+00, 5.000000e+00, 3.750000e+00, 2.100367e+00, -3.707807e-07
5.420000e-01, 2.500000e+00, 5.000000e+00, 3.750000e+00, 2.129219e+00, -3.422160e-07
5.430000e-01, 2.500000e+00, 5.000000e+00, 3.750000e+00, 2.157784e+00, -3.139354e-07
5.440000e-01, 2.500000e+00, 5.000000e+00, 3.750000e+00, 2.186065e+00, -2.859363e-07
5.450000e-01, 2.500000e+00, 5.000000e+00, 3.750000e+00, 2.214064e+00, -2.582158e-07
5.460000e-01, 2.500000e+00, 5.000000e+00, 3.750000e+00, 2.241784e+00, -2.307711e-07
5.470000e-01, 2.500000e+00, 5.000000e+00, 3.750000e+00, 2.269229e+00, -2.035995e-07
5.480000e-01, 2.500000e+00, 5.000000e+00, 3.750000e+00, 2.296401e+00, -1.766982e-07
5.490000e-01, 2.500000e+00, 5.000000e+00, 3.750000e+00, 2.323302e+00, -1.500646e-07
5.500000e-01, 2.500000e+00, 5.000000e+00, 3.750000e+00, 2.349935e+00, -1.236960e-07
5.510000e-01, 2.500000e+00, 5.000000e+00, 3.750000e+00, 2.376304e+00, -9.758981e-08
5.520000e-01, 2.500000e+00, 5.000000e+00, 3.750000e+00, 2.402410e+00, -7.174336e-08
5.530000e-01, 2.500000e+00, 5.000000e+00, 3.750000e+00, 2.428257e+00, -4.615408e-08
5.540000e-01, 2.500000e+00, 5.000000e+00, 3.750000e+00, 2.453846e+00, -2.081943e-08
5.550000e-01, 2.500000e+00, 5.000000e+00, 3.750000e+00, 2.479181e+00, 4.263144e-09
5.560000e-01, 2.500000e+00, 5.000000e+00, 3.750000e+00, 2.504263e+00, 2.909614e-08
5.570000e-01, 2.500000e+00, 5.000000e+00, 3.750000e+00, 2.529096e+00, 5.368204e-08
5.580000e-01, 2.500000e+00, 5.000000e+00, 3.750000e+00, 2.553682e+00, 7.802332e-08
5.590000e-01, 2.500000e+00, 5.000000e+00, 3.750000e+00, 2.578023e+00, 1.021224e-07
5.600000e-01, 2.500000e+00, 5.000000e+00, 3.750000e+00, 2.602122e+00, 1.259817e-07
5.610000e-01, 2.500000e+00, 5.000000e+00, 3.750000e+00, 2.625982e+00, 1.496035e-07
5.620000e-01, 2.500000e+00, 5.000000e+00, 3.750000e+00, 2.649604e+00, 1.729904e-07
5.630000e-01, 2.500000e+00, 5.000000e+00, 3.750000e+00, 2.672990e+00, 1.961445e-07
5.640000e-01, 2.500000e+00, 5.000000e+00, 3.750000e+00, 2.696145e+00, 2.190683e-07
5.650000e-01, 2.500000e+00, 5.000000e+00, 3.750000e+00, 2.719068e+00, 2.417639e-07
5.660000e-01, 2.500000e+00, 5.000000e+00, 3.750000e+00, 2.741764e+00, 2.642337e-07
5.670000e-01, 2.500000e+00, 5.000000e+00, 3.750000e+00, 2.764234e+00, 2.864800e-07
5.680000e-01, 2.500000e+00, 5.000000e+00, 3.750000e+00, 2.786480e+00, 3.085049e-07
5.690000e-01, 2.500000e+00, 5.000000e+00, 3.750000e+00, 2.808505e+00, 3.303106e-07
5.700000e-01, 2.500000e+00, 5.000000e+00, 3.750000e+00, 2.830311e+00, 3.518994e-07
5.710000e-01, 2.500000e+00, 5.000000e+00, 3.750000e+00, 2.851899e+00, 3.732733e-07
5.720000e-01, 2.500000e+00, 5.000000e+00, 3.750000e+00, 2.873273e+00, 3.944346e-07
5.730000e-01, 2.500000e+00, 5.000000e+00, 3.750000e+00, 2.894435e+00, 4.153853e-07
5.740000e-01, 2.500000e+00, 5.000000e+00, 3.750000e+00, 2.915385e+00, 4.361276e-07
5.750000e-01, 2.500000e+00, 5.000000e+00, 3.750000e+00, 2.936128e+00, 4.566635e-07
5.760000e-01, 2.500000e+00, 5.000000e+00, 3.750000e+00, 2.956663e+00, 4.769950e-07
5.770000e-01, 2.500000e+00, 5.000000e+00, 3.750000e+00, 2.976995e+00, 4.971243e-07
5.780000e-01, 2.500000e+00, 5.000000e+00, 3.750000e+00, 2.997124e+00, 5.170532e-07
5.790000e-01, 2.500000e+00, 5.000000e+00, 3.750000e+00, 3.017053e+00, 5.367839e-07
5.800000e-01, 2.500000e+00, 5.000000e+00, 3.750000e+00, 3.036784e+00, 5.563182e-07
5.810000e-01, 2.500000e+00, 5.000000e+00, 3.750000e+00, 3.056318e+00, 5.756581e-07
5.820000e-01, 2.500000e+00, 5.000000e+00, 3.750000e+00, 3.075658e+00, 5.948057e-07
5.830000e-01, 2.500000e+00, 5.000000e+00, 3.750000e+00, 3.094806e+00, 6.137627e-07
5.840000e-01, 2.500000e+00, 5.000000e+00, 3.750000e+00, 3.113763e+00, 6.325310e-07
5.850000e-01, 2.500000e+00, 5.000000e+00, 3.750000e+00, 3.132531e+00, 6.511127e-07
5.860000e-01, 2.500000e+00, 5.000000e+00, 3.750000e+00, 3.151113e+00, 6.695094e-07
5.870000e-01, 2.500000e+00, 5.000000e+00, 3.750000e+00, 3.169509e+00, 6.877231e-07
5.880000e-01, 2.500000e+00, 5.000000e+00, 3.750000e+00, 3.187723e+00, 7.057555e-07
5.890000e-01, 2.500000e+00, 5.000000e+00, 3.750000e+00, 3.205756e+00, 7.236086e-07
5.900000e-01, 2.500000e+00, 5.000000e+00, 3.750000e+00, 3.223609e+00, 7.412840e-07
5.910000e-01, 2.500000e+00, 5.000000e+00, 3.750000e+00, 3.241284e+00, 7.587835e-07
5.920000e-01, 2.500000e+00, 5.000000e+00, 3.750000e+00, 3.258783e+00, 7.761089e-07
5.930000e-01, 2.500000e+00, 5.000000e+00, 3.750000e+00, 3.276109e+00, 7.932619e-07
5.940000e-01, 2.500000e+00, 5.000000e+00, 3.750000e+00, 3.293262e+00, 8.102442e-07
5.950000e-01, 2.500000e+00, 5.000000e+00, 3.750000e+00, 3.310244e+00, 8.270576e-07
5.960000e-01, 2.500000e+00, 5.000000e+00, 3.750000e+00, 3.327058e+00, 8.437036e-07
5.970000e-01, 2.500000e+00, 5.000000e+00, 3.750000e+00, 3.343704e+00, 8.601840e-07
5.980000e-01, 2.500000e+00, 5.000000e+00, 3.750000e+00, 3.360184e+00, 8.765005e-07
5.990000e-01, 2.500000e+00, 5.000000e+00, 3.750000e+00, 3.376500e+00, 8.926546e-07
6.000000e-01, 2.500000e+00, 5.000000e+00, 3.750000e+00, 3.392655e+00, 9.086479e-07
6.010000e-01, 2.500000e+00, 5.000000e+00, 3.750000e+00, 3.408648e+00, 9.244821e-07
6.020000e-01, 2.500000e+00, 5.000000e+00, 3.750000e+00, 3.424482e+00, 9.401588e-07
6.030000e-01, 2.500000e+00, 5.000000e+00, 3.750000e+00, 3.440159e+00, 9.556795e-07
6.040000e-01, 2.500000e+00, 5.000000e+00, 3.750000e+00, 3.455679e+00, 9.710457e-07
6.050000e-01, 2.500000e+00, 5.000000e+00, 3.750000e+00, 3.471046e+00, 9.862591e-07
6.060000e-01, 2.500000e+00, 5.000000e+00, 3.750000e+00, 3.486259e+00, 1.001321e-06
6.070000e-01, 2.500000e+00, 5.000000e+00, 3.750000e+00, 3.501321e+00, 1.016233e-06
6.080000e-01, 2.500000e+00, 5.000000e+00, 3.750000e+00, 3.516233e+00, 1.030997e-06
6.090000e-01, 2.500000e+00, 5.000000e+00, 3.750000e+00, 3.530997e+00, 1.045614e-06
6.100000e-01, 2.500000e+00, 5.000000e+00, 3.750000e+00, 3.545614e+00, 1.060085e-06
6.110000e-01, 2.500000e+00, 5.000000e+00, 3.750000e+00, 3.560085e+00, 1.074412e-06
6.120000e-01, 2.500000e+00, 5.000000e+00, 3.750000e+00, 3.574412e+00, 1.088597e-06
6.130000e-01, 2.500000e+00, 5.000000e+00, 3.750000e+00, 3.588597e+00, 1.102641e-06
6.140000e-01, 2.500000e+00, 5.000000e+00, 3.750000e+00, 3.602641e+00, 1.116545e-06
6.150000e-01, 2.500000e+00, 5.000000e+00, 3.750000e+00, 3.616545e+00, 1.130311e-06
6.160000e-01, 2.500000e+00, 5.000000e+00, 3.750000e+00, 3.630311e+00, 1.143939e-06
6.170000e-01, 2.500000e+00, 5.000000e+00, 3.750000e+00, 3.643939e+00, 1.157432e-06
6.180000e-01, 2.500000e+00, 5.000000e+00, 3.750000e+00, 3.657432e+00, 1.170791e-06
6.190000e-01, 2.500000e+00, 5.000000e+00, 3.750000e+00, 3.670791e+00, 1.184017e-06
6.200000e-01, 2.500000e+00, 5.000000e+00, 3.750000e+00, 3.684017e+00, 1.197111e-06
6.210000e-01, 2.500000e+00, 5.000000e+00, 3.750000e+00, 3.697111e+00, 1.210075e-06
6.220000e-01, 2.500000e+00, 5.000000e+00, 3.750000e+00, 3.710075e+00, 1.222910e-06
6.230000e-01, 2.500000e+00, 5.000000e+00, 3.750000e+00, 3.722910e+00, 1.235617e-06
6.240000e-01, 2.500000e+00, 5.000000e+00, 3.750000e+00, 3.735617e+00, 1.248198e-06
6.250000e-01, 2.500000e+00, 5.000000e+00, 3.750000e+00, 3.748198e+00, 1.260654e-06
6.260000e-01, 2.500000e+00, 0.000000e+00, 3.750000e+00, 3.760654e+00, 1.223235e-06
6.270000e-01, 2.500000e+00, 0.000000e+00, 1.250000e+00, 3.723235e+00, 1.186188e-06
6.280000e-01, 2.500000e+00, 0.000000e+00, 1.250000e+00, 3.686188e+00, 1.149510e-06
6.290000e-01, 2.500000e+00, 0.000000e+00, 1.250000e+00, 3.649510e+00, 1.113196e-06
6.300000e-01, 2.500000e+00, 0.000000e+00, 1.250000e+00, 3.613196e+00, 1.077245e-06
6.310000e-01, 2.500000e+00, 0.000000e+00, 1.250000e+00, 3.577245e+00, 1.041650e-06
6.320000e-01, 2.500000e+00, 0.000000e+00, 1.250000e+00, 3.541650e+00, 1.006410e-06
6.330000e-01, 2.500000e+00, 0.000000e+00, 1.250000e+00, 3.506410e+00, 9.715210e-07
6.340000e-01, 2.500000e+00, 0.000000e+00, 1.250000e+00, 3.471521e+00, 9.369787e-07
6.350000e-01, 2.500000e+00, 0.000000e+00, 1.250000e+00, 3.436979e+00, 9.027802e-07
6.360000e-01, 2.500000e+00, 0.000000e+00, 1.250000e+00, 3.402780e+00, 8.689220e-07
6.370000e-01, 2.500000e+00, 0.000000e+00, 1.250000e+00, 3.368922e+00, 8.354007e-07
6.380000e-01, 2.500000e+00, 0.000000e+00, 1.250000e+00, 3.335401e+00, 8.022129e-07
6.390000e-01, 2.500000e+00, 0.000000e+00, 1.250000e+00, 3.302213e+00, 7.693553e-07
6.400000e-01, 2.500000e+00, 0.000000e+00, 1.250000e+00, 3.269355e+00, 7.368247e-07
6.410000e-01, 2.500000e+00, 0.000000e+00, 1.250000e+00, 3.236825e+00, 7.046177e-07
6.420000e-01, 2.500000e+00, 0.000000e+00, 1.250000e+00, 3.204618e+00, 6.727313e-07
6.430000e-01, 2.500000e+00, 0.000000e+00, 1.250000e+00, 3.172731e+00, 6.411621e-07
6.440000e-01, 2.500000e+00, 0.000000e+00, 1.250000e+00, 3.141162e+00, 6.099070e-07
6.450000e-01, 2.500000e+00, 0.000000e+00, 1.250000e+00, 3.109907e+00, 5.789629e-07
6.460000e-01, 2.500000e+00, 0.000000e+00, 1.250000e+00, 3.078963e+00, 5.483267e-07
6.470000e-01, 2.500000e+00, 0.000000e+00, 1.250000e+00, 3.048327e+00, 5.179953e-07
6.480000e-01, 2.500000e+00, 0.000000e+00, 1.250000e+00, 3.017995e+00, 4.879658e-07
6.490000e-01, 2.500000e+00, 0.000000e+00, 1.250000e+00, 2.987966e+00, 4.582350e-07
6.500000e-01, 2.500000e+00, 0.000000e+00, 1.250000e+00, 2.958235e+00, 4.288001e-07
6.510000e-01, 2.500000e+00, 0.000000e+00, 1.250000e+00, 2.928800e+00, 3.996580e-07
6.520000e-01, 2.500000e+00, 0.000000e+00, 1.250000e+00, 2.899658e+00, 3.708060e-07
6.530000e-01, 2.500000e+00, 0.000000e+00, 1.250000e+00, 2.870806e+00, 3.422410e-07
6.540000e-01, 2.500000e+00, 0.000000e+00, 1.250000e+00, 2.842241e+00, 3.139602e-07
6.550000e-01, 2.500000e+00, 0.000000e+00, 1.250000e+00, 2.813960e+00, 2.859608e-07
6.560000e-01, 2.500000e+00, 0.000000e+00, 1.250000e+00, 2.785961e+00, 2.582401e-07
6.570000e-01, 2.500000e+00, 0.000000e+00, 1.250000e+00, 2.758240e+00, 2.307951e-07
6.580000e-01, 2.500000e+00, 0.000000e+00, 1.250000e+00, 2.730795e+00, 2.036232e-07
6.590000e-01, 2.500000e+00, 0.000000e+00, 1.250000e+00, 2.703623e+00, 1.767217e-07
6.600000e-01, 2.500000e+00, 0.000000e+00, 1.250000e+00, 2.676722e+00, 1.500879e-07
6.610000e-01, 2.500000e+00, 0.000000e+00, 1.250000e+00, 2.650088e+00, 1.237191e-07
6.620000e-01, 2.500000e+00, 0.000000e+00, 1.250000e+00, 2.623719e+00, 9.761265e-08
6.630000e-01, 2.500000e+00, 0.000000e+00, 1.250000e+00, 2.597613e+00, 7.176598e-08
6.640000e-01, 2.500000e+00, 0.000000e+00, 1.250000e+00, 2.571766e+00, 4.617648e-08
6.650000e-01, 2.500000e+00, 0.000000e+00, 1.250000e+00, 2.546176e+00, 2.084160e-08
6.660000e-01, 2.500000e+00, 0.000000e+00, 1.250000e+00, 2.520842e+00, -4.241195e-09
6.670000e-01, 2.500000e+00, 0.000000e+00, 1.250000e+00, 2.495759e+00, -2.907441e-08
6.680000e-01, 2.500000e+00, 0.000000e+00, 1.250000e+00, 2.470926e+00, -5.366053e-08
6.690000e-01, 2.500000e+00, 0.000000e+00, 1.250000e+00, 2.446339e+00, -7.800201e-08
6.700000e-01, 2.500000e+00, 0.000000e+00, 1.250000e+00, 2.421998e+00, -1.021013e-07
6.710000e-01, 2.500000e+00, 0.000000e+00, 1.250000e+00, 2.397899e+00, -1.259608e-07
6.720000e-01, 2.500000e+00, 0.000000e+00, 1.250000e+00, 2.374039e+00, -1.495829e-07
6.730000e-01, 2.500000e+00, 0.000000e+00, 1.250000e+00, 2.350417e+00, -1.729699e-07
6.740000e-01, 2.500000e+00, 0.000000e+00, 1.250000e+00, 2.327030e+00, -1.961243e-07
6.750000e-01, 2.500000e+00, 0.000000e+00, 1.250000e+00, 2.303876e+00, -2.190482e-07
6.760000e-01, 2.500000e+00, 0.000000e+00, 1.250000e+00, 2.280952e+00, -2.417440e-07
6.770000e-01, 2.500000e+00, 0.000000e+00, 1.250000e+00, 2.258256e+00, -2.642141e-07
6.780000e-01, 2.500000e+00, 0.000000e+00, 1.250000e+00, 2.235786e+00, -2.864605e-07
6.790000e-01, 2.500000e+00, 0.000000e+00, 1.250000e+00, 2.213539e+00, -3.084856e-07
6.800000e-01, 2.500000e+00, 0.000000e+00, 1.250000e+00, 2.191514e+00, -3.302915e-07
6.810000e-01, 2.500000e+00, 0.000000e+00, 1.250000e+00, 2.169708e+00, -3.518805e-07
6.820000e-01, 2.500000e+00, 0.000000e+00, 1.250000e+00, 2.148120e+00, -3.732546e-07
6.830000e-01, 2.500000e+00, 0.000000e+00, 1.250000e+00, 2.126745e+00, -3.944161e-07
6.840000e-01, 2.500000e+00, 0.000000e+00, 1.250000e+00, 2.105584e+00, -4.153670e-07
6.850000e-01, 2.500000e+00, 0.000000e+00, 1.250000e+00, 2.084633e+00, -4.361095e-07
6.860000e-01, 2.500000e+00, 0.000000e+00, 1.250000e+00, 2.063891e+00, -4.566455e-07
6.870000e-01, 2.500000e+00, 0.000000e+00, 1.250000e+00, 2.043354e+00, -4.769772e-07
6.880000e-01, 2.500000e+00, 0.000000e+00, 1.250000e+00, 2.023023e+00, -4.971066e-07
6.890000e-01, 2.500000e+00, 0.000000e+00, 1.250000e+00, 2.002893e+00, -5.170358e-07
6.900000e-01, 2.500000e+00, 0.000000e+00, 1.250000e+00, 1.982964e+00, -5.367666e-07
6.910000e-01, 2.500000e+00, 0.000000e+00, 1.250000e+00, 1.963233e+00, -5.563011e-07
6.920000e-01, 2.500000e+00, 0.000000e+00, 1.250000e+00, 1.943699e+00, -5.756412e-07
6.930000e-01, 2.500000e+00, 0.000000e+00, 1.250000e+00, 1.924359e+00, -5.947889e-07
6.940000e-01, 2.500000e+00, 0.000000e+00, 1.250000e+00, 1.905211e+00, -6.137461e-07
6.950000e-01, 2.500000e+00, 0.000000e+00, 1.250000e+00, 1.886254e+00, -6.325146e-07
6.960000e-01, 2.500000e+00, 0.000000e+00, 1.250000e+00, 1.867485e+00, -6.510964e-07
6.970000e-01, 2.500000e+00, 0.000000e+00, 1.250000e+00, 1.848904e+00, -6.694933e-07
6.980000e-01, 2.500000e+00, 0.000000e+00, 1.250000e+00, 1.830507e+00, -6.877071e-07
6.990000e-01, 2.500000e+00, 0.000000e+00, 1.250000e+00, 1.812293e+00, -7.057398e-07
7.000000e-01, 2.500000e+00, 0.000000e+00, 1.250000e+00, 1.794260e+00, -7.235929e-07
7.010000e-01, 2.500000e+00, 0.000000e+00, 1.250000e+00, 1.776407e+00, -7.412685e-07
7.020000e-01, 2.500000e+00, 0.000000e+00, 1.250000e+00, 1.758732e+00, -7.587682e-07
7.030000e-01, 2.500000e+00, 0.000000e+00, 1.250000e+00, 1.741232e+00, -7.760937e-07
7.040000e-01, 2.500000e+00, 0.000000e+00, 1.250000e+00, 1.723906e+00, -7.932469e-07
7.050000e-01, 2.500000e+00, 0.000000e+00, 1.250000e+00, 1.706753e+00, -8.102293e-07
7.060000e-01, 2.500000e+00, 0.000000e+00, 1.250000e+00, 1.689771e+00, -8.270428e-07
7.070000e-01, 2.500000e+00, 0.000000e+00, 1.250000e+00, 1.672957e+00, -8.436890e-07
7.080000e-01, 2.500000e+00, 0.000000e+00, 1.250000e+00, 1.656311e+00, -8.601696e-07
7.090000e-01, 2.500000e+00, 0.000000e+00, 1.250000e+00, 1.639830e+00, -8.764862e-07
7.100000e-01, 2.500000e+00, 0.000000e+00, 1.250000e+00, 1.623514e+00, -8.926404e-07
7.110000e-01, 2.500000e+00, 0.000000e+00, 1.250000e+00, 1.607360e+00, -9.086339e-07
7.120000e-01, 2.500000e+00, 0.000000e+00, 1.250000e+00, 1.591366e+00, -9.244683e-07
7.130000e-01, 2.500000e+00, 0.000000e+00, 1.250000e+00, 1.575532e+00, -9.401451e-07
7.140000e-01, 2.500000e+00, 0.000000e+00, 1.250000e+00, 1.559855e+00, -9.556659e-07
7.150000e-01, 2.500000e+00, 0.000000e+00, 1.250000e+00, 1.544334e+00, -9.710323e-07
7.160000e-01, 2.500000e+00, 0.000000e+00, 1.250000e+00, 1.528968e+00, -9.862458e-07
7.170000e-01, 2.500000e+00, 0.000000e+00, 1.250000e+00, 1.513754e+00, -1.001308e-06
7.180000e-01, 2.500000e+00, 0.000000e+00, 1.250000e+00, 1.498692e+00, -1.016220e-06
7.190000e-01, 2.500000e+00, 0.000000e+00, 1.250000e+00, 1.483780e+00, -1.030984e-06
7.200000e-01, 2.500000e+00, 0.000000e+00, 1.250000e+00, 1.469016e+00, -1.045601e-06
7.210000e-01, 2.500000e+00, 0.000000e+00, 1.250000e+00, 1.454399e+00, -1.060072e-06
7.220000e-01, 2.500000e+00, 0.000000e+00, 1.250000e+00, 1.439928e+00, -1.074400e-06
7.230000e-01, 2.500000e+00, 0.000000e+00, 1.250000e+00, 1.425600e+00, -1.088585e-06
7.240000e-01, 2.500000e+00, 0.000000e+00, 1.250000e+00, 1.411415e+00, -1.102629e-06
7.250000e-01, 2.500000e+00, 0.000000e+00, 1.250000e+00, 1.397371e+00, -1.116533e-06
7.260000e-01, 2.500000e+00, 0.000000e+00, 1.250000e+00, 1.383467e+00, -1.130299e-06
7.270000e-01, 2.500000e+00, 0.000000e+00, 1.250000e+00, 1.369701e+00, -1.143927e-06
7.280000e-01, 2.500000e+00, 0.000000e+00, 1.250000e+00, 1.356073e+00, -1.157420e-06
7.290000e-01, 2.500000e+00, 0.000000e+00, 1.250000e+00, 1.342580e+00, -1.170779e-06
7.300000e-01, 2.500000e+00, 0.000000e+00, 1.250000e+00, 1.329221e+00, -1.184005e-06
7.310000e-01, 2.500000e+00, 0.000000e+00, 1.250000e+00, 1.315995e+00, -1.197100e-06
7.320000e-01, 2.500000e+00, 0.000000e+00, 1.250000e+00, 1.302900e+00, -1.210064e-06
7.330000e-01, 2.500000e+00, 0.000000e+00, 1.250000e+00, 1.289936e+00, -1.222899e-06
7.340000e-01, 2.500000e+00, 0.000000e+00, 1.250000e+00, 1.277101e+00, -1.235606e-06
7.350000e-01, 2.500000e+00, 0.000000e+00, 1.250000e+00, 1.264394e+00, -1.248187e-06
7.360000e-01, 2.500000e+00, 0.000000e+00, 1.250000e+00, 1.251813e+00, -1.260643e-06
7.370000e-01, 2.500000e+00, 5.000000e+00, 1.250000e+00, 1.239357e+00, -1.223224e-06
7.380000e-01, 2.500000e+00, 5.000000e+00, 3.750000e+00, 1.276776e+00, -1.186177e-06
7.390000e-01, 2.500000e+00, 5.000000e+00, 3.750000e+00, 1.313823e+00, -1.149499e-06
7.400000e-01, 2.500000e+00, 5.000000e+00, 3.750000e+00, 1.350501e+00, -1.113186e-06
7.410000e-01, 2.500000e+00, 5.000000e+00, 3.750000e+00, 1.386814e+00, -1.077234e-06
7.420000e-01, 2.500000e+00, 5.000000e+00, 3.750000e+00, 1.422766e+00, -1.041640e-06
7.430000e-01, 2.500000e+00, 5.000000e+00, 3.750000e+00, 1.458360e+00, -1.006400e-06
7.440000e-01, 2.500000e+00, 5.000000e+00, 3.750000e+00, 1.493600e+00, -9.715109e-07
7.450000e-01, 2.500000e+00, 5.000000e+00, 3.750000e+00, 1.528489e+00, -9.369688e-07
7.460000e-01, 2.500000e+00, 5.000000e+00, 3.750000e+00, 1.563031e+00, -9.027704e-07
7.470000e-01, 2.500000e+00, 5.000000e+00, 3.750000e+00, 1.597230e+00, -8.689122e-07
7.480000e-01, 2.500000e+00, 5.000000e+00, 3.750000e+00, 1.631088e+00, -8.353910e-07
7.490000e-01, 2.500000e+00, 5.000000e+00, 3.750000e+00, 1.664609e+00, -8.022033e-07
7.500000e-01, 2.500000e+00, 5.000000e+00, 3.750000e+00, 1.697797e+00, -7.693458e-07
7.510000e-01, 2.500000e+00, 5.000000e+00, 3.750000e+00, 1.730654e+00, -7.368153e-07
7.520000e-01, 2.500000e+00, 5.000000e+00, 3.750000e+00, 1.763185e+00, -7.046085e-07
7.530000e-01, 2.500000e+00, 5.000000e+00, 3.750000e+00, 1.795392e+00, -6.727221e-07
7.540000e-01, 2.500000e+00, 5.000000e+00, 3.750000e+00, 1.827278e+00, -6.411530e-07
7.550000e-01, 2.500000e+00, 5.000000e+00, 3.750000e+00, 1.858847e+00, -6.098980e-07
7.560000e-01, 2.500000e+00, 5.000000e+00, 3.750000e+00, 1.890102e+00, -5.789540e-07
7.570000e-01, 2.500000e+00, 5.000000e+00, 3.750000e+00, 1.921046e+00, -5.483179e-07
7.580000e-01, 2.500000e+00, 5.000000e+00, 3.750000e+00, 1.951682e+00, -5.179866e-07
7.590000e-01, 2.500000e+00, 5.000000e+00, 3.750000e+00, 1.982013e+00, -4.879571e-07
7.600000e-01, 2.500000e+00, 5.000000e+00, 3.750000e+00, 2.012043e+00, -4.582264e-07
7.610000e-01, 2.500000e+00, 5.000000e+00, 3.750000e+00, 2.041774e+00, -4.287916e-07
7.620000e-01, 2.500000e+00, 5.000000e+00, 3.750000e+00, 2.071208e+00, -3.996496e-07
7.630000e-01, 2.500000e+00, 5.000000e+00, 3.750000e+00, 2.100350e+00, -3.707976e-07
7.640000e-01, 2.500000e+00, 5.000000e+00, 3.750000e+00, 2.129202e+00, -3.422327e-07
7.650000e-01, 2.500000e+00, 5.000000e+00, 3.750000e+00, 2.157767e+00, -3.139520e-07
7.660000e-01, 2.500000e+00, 5.000000e+00, 3.750000e+00, 2.186048e+00, -2.859527e-07
7.670000e-01, 2.500000e+00, 5.000000e+00, 3.750000e+00, 2.214047e+00, -2.582321e-07
7.680000e-01, 2.500000e+00, 5.000000e+00, 3.750000e+00, 2.241768e+00, -2.307872e-07
7.690000e-01, 2.500000e+00, 5.000000e+00, 3.750000e+00, 2.269213e+00, -2.036154e-07
7.700000e-01, 2.500000e+00, 5.000000e+00, 3.750000e+00, 2.296385e+00, -1.767140e-07
7.710000e-01, 2.500000e+00, 5.000000e+00, 3.750000e+00, 2.323286e+00, -1.500802e-07
7.720000e-01, 2.500000e+00, 5.000000e+00, 3.750000e+00, 2.349920e+00, -1.237115e-07
7.730000e-01, 2.500000e+00, 5.000000e+00, 3.750000e+00, 2.376289e+00, -9.760513e-08
7.740000e-01, 2.500000e+00, 5.000000e+00, 3.750000e+00, 2.402395e+00, -7.175852e-08
7.750000e-01, 2.500000e+00, 5.000000e+00, 3.750000e+00, 2.428241e+00, -4.616910e-08
7.760000e-01, 2.500000e+00, 5.000000e+00, 3.750000e+00, 2.453831e+00, -2.083429e-08
7.770000e-01, 2.500000e+00, 5.000000e+00, 3.750000e+00, 2.479166e+00, 4.248428e-09
7.780000e-01, 2.500000e+00, 5.000000e+00, 3.750000e+00, 2.504248e+00, 2.908157e-08
7.790000e-01, 2.500000e+00, 5.000000e+00, 3.750000e+00, 2.529082e+00, 5.366762e-08
7.800000e-01, 2.500000e+00, 5.000000e+00, 3.750000e+00, 2.553668e+00, 7.800903e-08
7.810000e-01, 2.500000e+00, 5.000000e+00, 3.750000e+00, 2.578009e+00, 1.021082e-07
7.820000e-01, 2.500000e+00, 5.000000e+00, 3.750000e+00, 2.602108e+00, 1.259677e-07
7.830000e-01, 2.500000e+00, 5.000000e+00, 3.750000e+00, 2.625968e+00, 1.495897e-07
7.840000e-01, 2.500000e+00, 5.000000e+00, 3.750000e+00, 2.649590e+00, 1.729767e-07
7.850000e-01, 2.500000e+00, 5.000000e+00, 3.750000e+00, 2.672977e+00, 1.961309e-07
7.860000e-01, 2.500000e+00, 5.000000e+00, 3.750000e+00, 2.696131e+00, 2.190548e-07
7.870000e-01, 2.500000e+00, 5.000000e+00, 3.750000e+00, 2.719055e+00, 2.417506e-07
7.880000e-01, 2.500000e+00, 5.000000e+00, 3.750000e+00, 2.741751e+00, 2.642205e-07
7.890000e-01, 2.500000e+00, 5.000000e+00, 3.750000e+00, 2.764221e+00, 2.864669e-07
7.900000e-01, 2.500000e+00, 5.000000e+00, 3.750000e+00, 2.786467e+00, 3.084919e-07
7.910000e-01, 2.500000e+00, 5.000000e+00, 3.750000e+00, 2.808492e+00, 3.302978e-07
7.920000e-01, 2.500000e+00, 5.000000e+00, 3.750000e+00, 2.830298e+00, 3.518867e-07
7.930000e-01, 2.500000e+00, 5.000000e+00, 3.750000e+00, 2.851887e+00, 3.732608e-07
7.940000e-01, 2.500000e+00, 5.000000e+00, 3.750000e+00, 2.873261e+00, 3.944222e-07
7.950000e-01, 2.500000e+00, 5.000000e+00, 3.750000e+00, 2.894422e+00, 4.153731e-07
7.960000e-01, 2.500000e+00, 5.000000e+00, 3.750000e+00, 2.915373e+00, 4.361154e-07
7.970000e-01, 2.500000e+00, 5.000000e+00, 3.750000e+00, 2.936115e+00, 4.566514e-07
7.980000e-01, 2.500000e+00, 5.000000e+00, 3.750000e+00, 2.956651e+00, 4.769831e-07
7.990000e-01, 2.500000e+00, 5.000000e+00, 3.750000e+00, 2.976983e+00, 4.971124e-07
8.000000e-01, 2.500000e+00, 5.000000e+00, 3.750000e+00, 2.997112e+00, 5.170415e-07
8.010000e-01, 2.500000e+00, 5.000000e+00, 3.750000e+00, 3.017042e+00, 5.367723e-07
8.020000e-01, 2.500000e+00, 5.000000e+00, 3.750000e+00, 3.036772e+00, 5.563067e-07
8.030000e-01, 2.500000e+00, 5.000000e+00, 3.750000e+00, 3.056307e+00, 5.756468e-07
8.040000e-01, 2.500000e+00, 5.000000e+00, 3.750000e+00, 3.075647e+00, 5.947944e-07
8.050000e-01, 2.500000e+00, 5.000000e+00, 3.750000e+00, 3.094794e+00, 6.137515e-07
8.060000e-01, 2.500000e+00, 5.000000e+00, 3.750000e+00, 3.113752e+00, 6.325200e-07
8.070000e-01, 2.500000e+00, 5.000000e+00, 3.750000e+00, 3.132520e+00, 6.511018e-07
8.080000e-01, 2.500000e+00, 5.000000e+00, 3.750000e+00, 3.151102e+00, 6.694986e-07
8.090000e-01, 2.500000e+00, 5.000000e+00, 3.750000e+00, 3.169499e+00, 6.877124e-07
8.100000e-01, 2.500000e+00, 5.000000e+00, 3.750000e+00, 3.187712e+00, 7.057450e-07
8.110000e-01, 2.500000e+00, 5.000000e+00, 3.750000e+00, 3.205745e+00, 7.235981e-07
8.120000e-01, 2.500000e+00, 5.000000e+00, 3.750000e+00, 3.223598e+00, 7.412736e-07
8.130000e-01, 2.500000e+00, 5.000000e+00, 3.750000e+00, 3.241274e+00, 7.587732e-07
8.140000e-01, 2.500000e+00, 5.000000e+00, 3.750000e+00, 3.258773e+00, 7.760987e-07
8.150000e-01, 2.500000e+00, 5.000000e+00, 3.750000e+00, 3.276099e+00, 7.932518e-07
8.160000e-01, 2.500000e+00, 5.000000e+00, 3.750000e+00, 3.293252e+00, 8.102342e-07
8.170000e-01, 2.500000e+00, 5.000000e+00, 3.750000e+00, 3.310234e+00, 8.270477e-07
8.180000e-01, 2.500000e+00, 5.000000e+00, 3.750000e+00, 3.327048e+00, 8.436938e-07
8.190000e-01, 2.500000e+00, 5.000000e+00, 3.750000e+00, 3.343694e+00, 8.601744e-07
8.200000e-01, 2.500000e+00, 5.000000e+00, 3.750000e+00, 3.360174e+00, 8.764909e-07
8.210000e-01, 2.500000e+00, 5.000000e+00, 3.750000e+00, 3.376491e+00, 8.926451e-07
8.220000e-01, 2.500000e+00, 5.000000e+00, 3.750000e+00, 3.392645e+00, 9.086385e-07
8.230000e-01, 2.500000e+00, 5.000000e+00, 3.750000e+00, 3.408639e+00, 9.244728e-07
8.240000e-01, 2.500000e+00, 5.000000e+00, 3.750000e+00, 3.424473e+00, 9.401496e-07
8.250000e-01, 2.500000e+00, 5.000000e+00, 3.750000e+00, 3.440150e+00, 9.556704e-07
8.260000e-01, 2.500000e+00, 5.000000e+00, 3.750000e+00, 3.455670e+00, 9.710367e-07
8.270000e-01, 2.500000e+00, 5.000000e+00, 3.750000e+00, 3.471037e+00, 9.862502e-07
8.280000e-01, 2.500000e+00, 5.000000e+00, 3.750000e+00, 3.486250e+00, 1.001312e-06
8.290000e-01, 2.500000e+00, 5.000000e+00, 3.750000e+00, 3.501312e+00, 1.016224e-06
8.300000e-01, 2.500000e+00, 5.000000e+00, 3.750000e+00, 3.516224e+00, 1.030988e-06
8.310000e-01, 2.500000e+00, 5.000000e+00, 3.750000e+00, 3.530988e+00, 1.045605e-06
8.320000e-01, 2.500000e+00, 5.000000e+00, 3.750000e+00, 3.545605e+00, 1.060077e-06
8.330000e-01, 2.500000e+00, 5.000000e+00, 3.750000e+00, 3.560077e+00, 1.074404e-06
8.340000e-01, 2.500000e+00, 5.000000e+00, 3.750000e+00, 3.574404e+00, 1.088589e-06
8.350000e-01, 2.500000e+00, 5.000000e+00, 3.750000e+00, 3.588589e+00, 1.102633e-06
8.360000e-01, 2.500000e+00, 5.000000e+00, 3.750000e+00, 3.602633e+00, 1.116537e-06
8.370000e-01, 2.500000e+00, 5.000000e+00, 3.750000e+00, 3.616537e+00, 1.130302e-06
8.380000e-01, 2.500000e+00, 5.000000e+00, 3.750000e+00, 3.630302e+00, 1.143931e-06
8.390000e-01, 2.500000e+00, 5.000000e+00, 3.750000e+00, 3.643931e+00, 1.157424e-06
8.400000e-01, 2.500000e+00, 5.000000e+00, 3.750000e+00, 3.657424e+00, 1.170783e-06
8.410000e-01, 2.500000e+00, 5.000000e+00, 3.750000e+00, 3.670783e+00, 1.184009e-06
8.420000e-01, 2.500000e+00, 5.000000e+00, 3.750000e+00, 3.684009e+00, 1.197103e-06
8.430000e-01, 2.500000e+00, 5.000000e+00, 3.750000e+00, 3.697103e+00, 1.210067e-06
8.440000e-01, 2.500000e+00, 5.000000e+00, 3.750000e+00, 3.710067e+00, 1.222903e-06
8.450000e-01, 2.500000e+00, 5.000000e+00, 3.750000e+00, 3.722903e+00, 1.235610e-06
8.460000e-01, 2.500000e+00, 5.000000e+00, 3.750000e+00, 3.735610e+00, 1.248191e-06
8.470000e-01, 2.500000e+00, 5.000000e+00, 3.750000e+00, 3.748191e+00, 1.260646e-06
8.480000e-01, 2.500000e+00, 0.000000e+00, 3.750000e+00, 3.760646e+00, 1.223227e-06
8.490000e-01, 2.500000e+00, 0.000000e+00, 1.250000e+00, 3.723227e+00, 1.186181e-06
8.500000e-01, 2.500000e+00, 0.000000e+00, 1.250000e+00, 3.686181e+00, 1.149503e-06
8.510000e-01, 2.500000e+00, 0.000000e+00, 1.250000e+00, 3.649503e+00, 1.113189e-06
8.520000e-01, 2.500000e+00, 0.000000e+00, 1.250000e+00, 3.613189e+00, 1.077238e-06
8.530000e-01, 2.500000e+00, 0.000000e+00, 1.250000e+00, 3.577238e+00, 1.041643e-06
8.540000e-01, 2.500000e+00, 0.000000e+00, 1.250000e+00, 3.541643e+00, 1.006404e-06
8.550000e-01, 2.500000e+00, 0.000000e+00, 1.250000e+00, 3.506404e+00, 9.715142e-07
8.560000e-01, 2.500000e+00, 0.000000e+00, 1.250000e+00, 3.471514e+00, 9.369721e-07
8.570000e-01, 2.500000e+00, 0.000000e+00, 1.250000e+00, 3.436972e+00, 9.027736e-07
8.580000e-01, 2.500000e+00, 0.000000e+00, 1.250000e+00, 3.402774e+00, 8.689155e-07
8.590000e-01, 2.500000e+00, 0.000000e+00, 1.250000e+00, 3.368915e+00, 8.353942e-07
8.600000e-01, 2.500000e+00, 0.000000e+00, 1.250000e+00, 3.335394e+00, 8.022065e-07
8.610000e-01, 2.500000e+00, 0.000000e+00, 1.250000e+00, 3.302206e+00, 7.693490e-07
8.620000e-01, 2.500000e+00, 0.000000e+00, 1.250000e+00, 3.269349e+00, 7.368184e-07
8.630000e-01, 2.500000e+00, 0.000000e+00, 1.250000e+00, 3.236818e+00, 7.046115e-07
8.640000e-01, 2.500000e+00, 0.000000e+00, 1.250000e+00, 3.204612e+00, 6.727251e-07
8.650000e-01, 2.500000e+00, 0.000000e+00, 1.250000e+00, 3.172725e+00, 6.411560e-07
8.660000e-01, 2.500000e+00, 0.000000e+00, 1.250000e+00, 3.141156e+00, 6.099009e-07
8.670000e-01, 2.500000e+00, 0.000000e+00, 1.250000e+00, 3.109901e+00, 5.789569e-07
8.680000e-01, 2.500000e+00, 0.000000e+00, 1.250000e+00, 3.078957e+00, 5.483208e-07
8.690000e-01, 2.500000e+00, 0.000000e+00, 1.250000e+00, 3.048321e+00, 5.179895e-07
8.700000e-01, 2.500000e+00, 0.000000e+00, 1.250000e+00, 3.017989e+00, 4.879600e-07
8.710000e-01, 2.500000e+00, 0.000000e+00, 1.250000e+00, 2.987960e+00, 4.582293e-07
8.720000e-01, 2.500000e+00, 0.000000e+00, 1.250000e+00, 2.958229e+00, 4.287944e-07
8.730000e-01, 2.500000e+00, 0.000000e+00, 1.250000e+00, 2.928794e+00, 3.996524e-07
8.740000e-01, 2.500000e+00, 0.000000e+00, 1.250000e+00, 2.899652e+00, 3.708004e-07
8.750000e-01, 2.500000e+00, 0.000000e+00, 1.250000e+00, 2.870800e+00, 3.422354e-07
8.760000e-01, 2.500000e+00, 0.000000e+00, 1.250000e+00, 2.842235e+00, 3.139547e-07
8.770000e-01, 2.500000e+00, 0.000000e+00, 1.250000e+00, 2.813955e+00, 2.859554e-07
8.780000e-01, 2.500000e+00, 0.000000e+00, 1.250000e+00, 2.785955e+00, 2.582347e-07
8.790000e-01, 2.500000e+00, 0.000000e+00, 1.250000e+00, 2.758235e+00, 2.307898e-07
8.800000e-01, 2.500000e+00, 0.000000e+00, 1.250000e+00, 2.730790e+00, 2.036180e-07
8.810000e-01, 2.500000e+00, 0.000000e+00, 1.250000e+00, 2.703618e+00, 1.767165e-07
8.820000e-01, 2.500000e+00, 0.000000e+00, 1.250000e+00, 2.676717e+00, 1.500828e-07
8.830000e-01, 2.500000e+00, 0.000000e+00, 1.250000e+00, 2.650083e+00, 1.237140e-07
8.840000e-01, 2.500000e+00, 0.000000e+00, 1.250000e+00, 2.623714e+00, 9.760761e-08
8.850000e-01, 2.500000e+00, 0.000000e+00, 1.250000e+00, 2.597608e+00, 7.176098e-08
8.860000e-01, 2.500000e+00, 0.000000e+00, 1.250000e+00, 2.571761e+00, 4.617153e-08
8.870000e-01, 2.500000e+00, 0.000000e+00, 1.250000e+00, 2.546172e+00, 2.083670e-08
8.880000e-01, 2.500000e+00, 0.000000e+00, 1.250000e+00, 2.520837e+00, -4.246044e-09
8.890000e-01, 2.500000e+00, 0.000000e+00, 1.250000e+00, 2.495754e+00, -2.907921e-08
8.900000e-01, 2.500000e+00, 0.000000e+00, 1.250000e+00, 2.470921e+00, -5.366528e-08
8.910000e-01, 2.500000e+00, 0.000000e+00, 1.250000e+00, 2.446335e+00, -7.800672e-08
8.920000e-01, 2.500000e+00, 0.000000e+00, 1.250000e+00, 2.421993e+00, -1.021060e-07
8.930000e-01, 2.500000e+00, 0.000000e+00, 1.250000e+00, 2.397894e+00, -1.259654e-07
8.940000e-01, 2.500000e+00, 0.000000e+00, 1.250000e+00, 2.374035e+00, -1.495874e-07
8.950000e-01, 2.500000e+00, 0.000000e+00, 1.250000e+00, 2.350413e+00, -1.729744e-07
8.960000e-01, 2.500000e+00, 0.000000e+00, 1.250000e+00, 2.327026e+00, -1.961287e-07
8.970000e-01, 2.500000e+00, 0.000000e+00, 1.250000e+00, 2.303871e+00, -2.190526e-07
8.980000e-01, 2.500000e+00, 0.000000e+00, 1.250000e+00, 2.280947e+00, -2.417484e-07
8.990000e-01, 2.500000e+00, 0.000000e+00, 1.250000e+00, 2.258252e+00, -2.642184e-07
9.000000e-01, 2.500000e+00, 0.000000e+00, 1.250000e+00, 2.235782e+00, -2.864648e-07
9.010000e-01, 2.500000e+00, 0.000000e+00, 1.250000e+00, 2.213535e+00, -3.084899e-07
9.020000e-01, 2.500000e+00, 0.000000e+00, 1.250000e+00, 2.191510e+00, -3.302957e-07
9.030000e-01, 2.500000e+00, 0.000000e+00, 1.250000e+00, 2.169704e+00, -3.518847e-07
9.040000e-01, 2.500000e+00, 0.000000e+00, 1.250000e+00, 2.148115e+00, -3.732588e-07
9.050000e-01, 2.500000e+00, 0.000000e+00, 1.250000e+00, 2.126741e+00, -3.944202e-07
9.060000e-01, 2.500000e+00, 0.000000e+00, 1.250000e+00, 2.105580e+00, -4.153711e-07
9.070000e-01, 2.500000e+00, 0.000000e+00, 1.250000e+00, 2.084629e+00, -4.361135e-07
9.080000e-01, 2.500000e+00, 0.000000e+00, 1.250000e+00, 2.063887e+00, -4.566495e-07
9.090000e-01, 2.500000e+00, 0.000000e+00, 1.250000e+00, 2.043351e+00, -4.769812e-07
9.100000e-01, 2.500000e+00, 0.000000e+00, 1.250000e+00, 2.023019e+00, -4.971105e-07
9.110000e-01, 2.500000e+00, 0.000000e+00, 1.250000e+00, 2.002889e+00, -5.170396e-07
9.120000e-01, 2.500000e+00, 0.000000e+00, 1.250000e+00, 1.982960e+00, -5.367704e-07
9.130000e-01, 2.500000e+00, 0.000000e+00, 1.250000e+00, 1.963230e+00, -5.563049e-07
9.140000e-01, 2.500000e+00, 0.000000e+00, 1.250000e+00, 1.943695e+00, -5.756450e-07
9.150000e-01, 2.500000e+00, 0.000000e+00, 1.250000e+00, 1.924355e+00, -5.947926e-07
9.160000e-01, 2.500000e+00, 0.000000e+00, 1.250000e+00, 1.905207e+00, -6.137497e-07
9.170000e-01, 2.500000e+00, 0.000000e+00, 1.250000e+00, 1.886250e+00, -6.325182e-07
9.180000e-01, 2.500000e+00, 0.000000e+00, 1.250000e+00, 1.867482e+00, -6.511000e-07
9.190000e-01, 2.500000e+00, 0.000000e+00, 1.250000e+00, 1.848900e+00, -6.694969e-07
9.200000e-01, 2.500000e+00, 0.000000e+00, 1.250000e+00, 1.830503e+00, -6.877107e-07
9.210000e-01, 2.500000e+00, 0.000000e+00, 1.250000e+00, 1.812289e+00, -7.057432e-07
9.220000e-01, 2.500000e+00, 0.000000e+00, 1.250000e+00, 1.794257e+00, -7.235964e-07
9.230000e-01, 2.500000e+00, 0.000000e+00, 1.250000e+00, 1.776404e+00, -7.412719e-07
9.240000e-01, 2.500000e+00, 0.000000e+00, 1.250000e+00, 1.758728e+00, -7.587715e-07
9.250000e-01, 2.500000e+00, 0.000000e+00, 1.250000e+00, 1.741228e+00, -7.760971e-07
9.260000e-01, 2.500000e+00, 0.000000e+00, 1.250000e+00, 1.723903e+00, -7.932502e-07
9.270000e-01, 2.500000e+00, 0.000000e+00, 1.250000e+00, 1.706750e+00, -8.102326e-07
9.280000e-01, 2.500000e+00, 0.000000e+00, 1.250000e+00, 1.689767e+00, -8.270461e-07
9.290000e-01, 2.500000e+00, 0.000000e+00, 1.250000e+00, 1.672954e+00, -8.436923e-07
9.300000e-01, 2.500000e+00, 0.000000e+00, 1.250000e+00, 1.656308e+00, -8.601728e-07
9.310000e-01, 2.500000e+00, 0.000000e+00, 1.250000e+00, 1.639827e+00, -8.764894e-07
9.320000e-01, 2.500000e+00, 0.000000e+00, 1.250000e+00, 1.623511e+00, -8.926436e-07
9.330000e-01, 2.500000e+00, 0.000000e+00, 1.250000e+00, 1.607356e+00, -9.086370e-07
9.340000e-01, 2.500000e+00, 0.000000e+00, 1.250000e+00, 1.591363e+00, -9.244713e-07
9.350000e-01, 2.500000e+00, 0.000000e+00, 1.250000e+00, 1.575529e+00, -9.401481e-07
9.360000e-01, 2.500000e+00, 0.000000e+00, 1.250000e+00, 1.559852e+00, -9.556689e-07
9.370000e-01, 2.500000e+00, 0.000000e+00, 1.250000e+00, 1.544331e+00, -9.710353e-07
9.380000e-01, 2.500000e+00, 0.000000e+00, 1.250000e+00, 1.528965e+00, -9.862487e-07
9.390000e-01, 2.500000e+00, 0.000000e+00, 1.250000e+00, 1.513751e+00, -1.001311e-06
9.400000e-01, 2.500000e+00, 0.000000e+00, 1.250000e+00, 1.498689e+00, -1.016223e-06
9.410000e-01, 2.500000e+00, 0.000000e+00, 1.250000e+00, 1.483777e+00, -1.030987e-06
9.420000e-01, 2.500000e+00, 0.000000e+00, 1.250000e+00, 1.469013e+00, -1.045604e-06
9.430000e-01, 2.500000e+00, 0.000000e+00, 1.250000e+00, 1.454396e+00, -1.060075e-06
9.440000e-01, 2.500000e+00, 0.000000e+00, 1.250000e+00, 1.439925e+00, -1.074403e-06
9.450000e-01, 2.500000e+00, 0.000000e+00, 1.250000e+00, 1.425597e+00, -1.088588e-06
9.460000e-01, 2.500000e+00, 0.000000e+00, 1.250000e+00, 1.411412e+00, -1.102631e-06
9.470000e-01, 2.500000e+00, 0.000000e+00, 1.250000e+00, 1.397369e+00, -1.116535e-06
9.480000e-01, 2.500000e+00, 0.000000e+00, 1.250000e+00, 1.383465e+00, -1.130301e-06
9.490000e-01, 2.500000e+00, 0.000000e+00, 1.250000e+00, 1.369699e+00, -1.143930e-06
9.500000e-01, 2.500000e+00, 0.000000e+00, 1.250000e+00, 1.356070e+00, -1.157423e-06
9.510000e-01, 2.500000e+00, 0.000000e+00, 1.250000e+00, 1.342577e+00, -1.170782e-06
9.520000e-01, 2.500000e+00, 0.000000e+00, 1.250000e+00, 1.329218e+00, -1.184008e-06
9.530000e-01, 2.500000e+00, 0.000000e+00, 1.250000e+00, 1.315992e+00, -1.197102e-06
9.540000e-01, 2.500000e+00, 0.000000e+00, 1.250000e+00, 1.302898e+00, -1.210066e-06
9.550000e-01, 2.500000e+00, 0.000000e+00, 1.250000e+00, 1.289934e+00, -1.222901e-06
9.560000e-01, 2.500000e+00, 0.000000e+00, 1.250000e+00, 1.277099e+00, -1.235609e-06
9.570000e-01, 2.500000e+00, 0.000000e+00, 1.250000e+00, 1.264391e+00, -1.248190e-06
9.580000e-01, 2.500000e+00, 0.000000e+00, 1.250000e+00, 1.251810e+00, -1.260645e-06
9.590000e-01, 2.500000e+00, 5.000000e+00, 1.250000e+00, 1.239355e+00, -1.223226e-06
9.600000e-01, 2.500000e+00, 5.000000e+00, 3.750000e+00, 1.276774e+00, -1.186179e-06
9.610000e-01, 2.500000e+00, 5.000000e+00, 3.750000e+00, 1.313821e+00, -1.149501e-06
9.620000e-01, 2.500000e+00, 5.000000e+00, 3.750000e+00, 1.350499e+00, -1.113188e-06
9.630000e-01, 2.500000e+00, 5.000000e+00, 3.750000e+00, 1.386812e+00, -1.077236e-06
9.640000e-01, 2.500000e+00, 5.000000e+00, 3.750000e+00, 1.422764e+00, -1.041642e-06
9.650000e-01, 2.500000e+00, 5.000000e+00, 3.750000e+00, 1.458358e+00, -1.006402e-06
9.660000e-01, 2.500000e+00, 5.000000e+00, 3.750000e+00, 1.493598e+00, -9.715131e-07
9.670000e-01, 2.500000e+00, 5.000000e+00, 3.750000e+00, 1.528487e+00, -9.369710e-07
9.680000e-01, 2.500000e+00, 5.000000e+00, 3.750000e+00, 1.563029e+00, -9.027726e-07
9.690000e-01, 2.500000e+00, 5.000000e+00, 3.750000e+00, 1.597227e+00, -8.689144e-07
9.700000e-01, 2.500000e+00, 5.000000e+00, 3.750000e+00, 1.631086e+00, -8.353931e-07
9.710000e-01, 2.500000e+00, 5.000000e+00, 3.750000e+00, 1.664607e+00, -8.022054e-07
9.720000e-01, 2.500000e+00, 5.000000e+00, 3.750000e+00, 1.697795e+00, -7.693479e-07
9.730000e-01, 2.500000e+00, 5.000000e+00, 3.750000e+00, 1.730652e+00, -7.368174e-07
9.740000e-01, 2.500000e+00, 5.000000e+00, 3.750000e+00, 1.763183e+00, -7.046105e-07
9.750000e-01, 2.500000e+00, 5.000000e+00, 3.750000e+00, 1.795389e+00, -6.727241e-07
9.760000e-01, 2.500000e+00, 5.000000e+00, 3.750000e+00, 1.827276e+00, -6.411550e-07
9.770000e-01, 2.500000e+00, 5.000000e+00, 3.750000e+00, 1.858845e+00, -6.099000e-07
9.780000e-01, 2.500000e+00, 5.000000e+00, 3.750000e+00, 1.890100e+00, -5.789559e-07
9.790000e-01, 2.500000e+00, 5.000000e+00, 3.750000e+00, 1.921044e+00, -5.483198e-07
9.800000e-01, 2.500000e+00, 5.000000e+00, 3.750000e+00, 1.951680e+00, -5.179885e-07
9.810000e-01, 2.500000e+00, 5.000000e+00, 3.750000e+00, 1.982011e+00, -4.879590e-07
9.820000e-01, 2.500000e+00, 5.000000e+00, 3.750000e+00, 2.012041e+00, -4.582283e-07
9.830000e-01, 2.500000e+00, 5.000000e+00, 3.750000e+00, 2.041772e+00, -4.287935e-07
9.840000e-01, 2.500000e+00, 5.000000e+00, 3.750000e+00, 2.071207e+00, -3.996515e-07
9.850000e-01, 2.500000e+00, 5.000000e+00, 3.750000e+00, 2.100349e+00, -3.707995e-07
9.860000e-01, 2.500000e+00, 5.000000e+00, 3.750000e+00, 2.129201e+00, -3.422345e-07
9.870000e-01, 2.500000e+00, 5.000000e+00, 3.750000e+00, 2.157765e+00, -3.139538e-07
9.880000e-01, 2.500000e+00, 5.000000e+00, 3.750000e+00, 2.186046e+00, -2.859545e-07
9.890000e-01, 2.500000e+00, 5.000000e+00, 3.750000e+00, 2.214045e+00, -2.582338e-07
9.900000e-01, 2.500000e+00, 5.000000e+00, 3.750000e+00, 2.241766e+00, -2.307889e-07
9.910000e-01, 2.500000e+00, 5.000000e+00, 3.750000e+00, 2.269211e+00, -2.036171e-07
9.920000e-01, 2.500000e+00, 5.000000e+00, 3.750000e+00, 2.296383e+00, -1.767157e-07
9.930000e-01, 2.500000e+00, 5.000000e+00, 3.750000e+00, 2.323284e+00, -1.500819e-07
9.940000e-01, 2.500000e+00, 5.000000e+00, 3.750000e+00, 2.349918e+00, -1.237132e-07
9.950000e-01, 2.500000e+00, 5.000000e+00, 3.750000e+00, 2.376287e+00, -9.760679e-08
9.960000e-01, 2.500000e+00, 5.000000e+00, 3.750000e+00, 2.402393e+00, -7.176017e-08
9.970000e-01, 2.500000e+00, 5.000000e+00, 3.750000e+00, 2.428240e+00, -4.617073e-08
9.980000e-01, 2.500000e+00, 5.000000e+00, 3.750000e+00, 2.453829e+00, -2.083591e-08
9.990000e-01, 2.500000e+00, 5.000000e+00, 3.750000e+00, 2.479164e+00, 4.246830e-09
